,Accepted_ID,Accepted_Name,USDA_Snippet,Family,Sources
0,76369-1,Adenium obesum,desert-rose,Apocynaceae,USDA Plants Database::Wiki:['en: List_of_plants_by_common_name']
1,911695-1,Aidia racemosa,racemose aidia,Rubiaceae,USDA Plants Database::
2,76468-1,Allamanda blanchetii,purple allamanda,Apocynaceae,USDA Plants Database::
3,76625-1,Alyxia bracteolosa,bracteolate alyxia,Apocynaceae,USDA Plants Database::
4,319065-2,Allamanda cathartica,golden trumpet,Apocynaceae,USDA Plants Database:POWO pages:319065-2:Wiki:['sv: Lista_över_växter/A']
5,76556-1,Alstonia macrophylla,deviltree,Apocynaceae,USDA Plants Database::
6,76487-1,Allamanda schottii,bush allamanda,Apocynaceae,USDA Plants Database::
7,76804-1,Alyxia stellata,Maile,Apocynaceae,USDA Plants Database::
8,76904-1,Amsonia ciliata,fringed bluestar,Apocynaceae,USDA Plants Database::
9,272089-2,Amsonia fugatei,San Antonio bluestar,Apocynaceae,USDA Plants Database::
10,12082-2,Amsonia grandiflora,Arizona bluestar,Apocynaceae,USDA Plants Database::
11,12085-2,Amsonia hubrichtii,Hubricht's bluestar,Apocynaceae,USDA Plants Database::
12,76914-1,Amsonia jonesii,Jones' bluestar,Apocynaceae,USDA Plants Database::
13,12087-2,Amsonia kearneyana,Kearney's bluestar,Apocynaceae,USDA Plants Database::
14,76919-1,Amsonia longiflora,tubular bluestar,Apocynaceae,USDA Plants Database::
15,76922-1,Amsonia palmeri,Palmer's bluestar,Apocynaceae,USDA Plants Database::
16,12092-2,Amsonia peeblesii,Peebles' bluestar,Apocynaceae,USDA Plants Database::
17,12095-2,Amsonia rigida,stiff bluestar,Apocynaceae,USDA Plants Database::
18,76931-1,Amsonia tabernaemontana,eastern bluestar,Apocynaceae,USDA Plants Database::
19,12105-2,Amsonia tharpii,feltleaf bluestar,Apocynaceae,USDA Plants Database::
20,76934-1,Amsonia tomentosa,woolly bluestar,Apocynaceae,USDA Plants Database::
21,767116-1,Stenostomum acutatum,placa chiquitu,Rubiaceae,USDA Plants Database::
22,77012-1,Angadenia berteroi,pineland golden trumpet,Apocynaceae,USDA Plants Database::
23,767120-1,Stenostomum coriaceum,pegwood,Rubiaceae,USDA Plants Database::
24,13196-2,Anechites nerium,Natal plum,Apocynaceae,USDA Plants Database::
25,245033-2,Stenostomum obtusifolium,quina roja,Rubiaceae,USDA Plants Database::
26,245035-2,Stenostomum portoricense,Puerto Rico quina,Rubiaceae,USDA Plants Database::
27,245039-2,Stenostomum sintenisii,Sintenis' quina,Rubiaceae,USDA Plants Database::
28,16503-2,Apocynum androsaemifolium,spreading dogbane,Apocynaceae,USDA Plants Database::
29,16527-2,Apocynum cannabinum,Indianhemp,Apocynaceae,USDA Plants Database::
30,743883-1,Asperula arvensis,blue woodruff,Rubiaceae,USDA Plants Database::
31,744104-1,Asperula orientalis,Oriental asperula,Rubiaceae,USDA Plants Database::
32,744302-1,Badusa palauensis,ralm,Rubiaceae,USDA Plants Database::
33,744565-1,Bikkia palauensis,rur,Rubiaceae,USDA Plants Database::
34,744584-1,Bobea brevipes,'akupa,Rubiaceae,USDA Plants Database::
35,744591-1,Bobea gaudichaudii,'ahakea lau nui,Rubiaceae,USDA Plants Database::
36,744601-1,Bobea sandwicensis,Hawai'i dogweed,Rubiaceae,USDA Plants Database::
37,745109-1,Bouvardia ternifolia,firecrackerbush,Rubiaceae,USDA Plants Database::
38,744604-1,Bobea timonioides,'ahakea,Rubiaceae,USDA Plants Database::
39,745241-1,Calycophyllum candidissimum,degame,Rubiaceae,USDA Plants Database::
40,77691-1,Carissa carandas,karanda,Apocynaceae,USDA Plants Database::
41,47910-2,Casasia clusiifolia,sevenyear apple,Rubiaceae,USDA Plants Database::
42,77756-1,Carissa spinarum,Egyptian carissa,Apocynaceae,USDA Plants Database:POWO pages:77756-1:
43,77727-1,Carissa macrocarpa,amatungulu,Apocynaceae,USDA Plants Database::
44,50018-2,Catesbaea melanocarpa,tropical lilythorn,Rubiaceae,USDA Plants Database::
45,745893-1,Catesbaea parviflora,smallflower lilythorn,Rubiaceae,USDA Plants Database::
46,77880-1,Catharanthus roseus,Madagascar periwinkle,Apocynaceae,USDA Plants Database:POWO pages:77880-1:Wiki:['sv: Lista_över_växter/R']
47,77893-1,Cerbera floribunda,kameduangel,Apocynaceae,USDA Plants Database::
48,77906-1,Cerbera manghas,sea-mango,Apocynaceae,USDA Plants Database::
49,319140-2,Cephalanthus occidentalis,common buttonbush,Rubiaceae,USDA Plants Database::
50,746233-1,Cephalanthus salicifolius,Mexican buttonbush,Rubiaceae,USDA Plants Database::
51,56535-2,Chiococca alba,West Indian milkberry,Rubiaceae,USDA Plants Database:POWO pages:56535-2:
52,56535-2,Chiococca alba,pineland milkberry,Rubiaceae,USDA Plants Database:POWO pages:56535-2:
53,77148159-1,Wandersong seminervis,puntaj jayuya,Rubiaceae,USDA Plants Database::
54,56650-2,Chione venosa,fatpork,Rubiaceae,USDA Plants Database::
55,746718-1,Cinchona calisaya,quinine,Rubiaceae,USDA Plants Database::
56,58723-2,Cinchona officinalis,quinine,Rubiaceae,USDA Plants Database::
57,746872-1,Cinchona pubescens,quinine,Rubiaceae,USDA Plants Database:POWO pages:746872-1:
58,747038-1,Coffea arabica,Arabian coffee,Rubiaceae,"USDA Plants Database:POWO pages:747038-1:Wiki:['als: Alemannische_Pflanzennamen_(Botanische_Namen)', 'als: Alemannische_Pflanzennamen_(nach_Systematik)', 'als: Alemannische_Pflanzennamen_(Deutsche_Namen)', 'sv: Lista_över_växter/K']"
59,747048-1,Coffea benghalensis,bengal coffee,Rubiaceae,USDA Plants Database::
60,747068-1,Coffea canephora,robusta coffee,Rubiaceae,USDA Plants Database::
61,747081-1,Coffea congensis,congo coffee,Rubiaceae,USDA Plants Database::
62,747399-1,Coprosma cymosa,Hawai'i mirrorplant,Rubiaceae,USDA Plants Database::
63,747406-1,Coprosma elliptica,bog mirrorplant,Rubiaceae,USDA Plants Database::
64,747407-1,Coprosma ernodeoides,'aiakanene,Rubiaceae,USDA Plants Database::
65,747413-1,Coprosma foliosa,forest mirrorplant,Rubiaceae,USDA Plants Database::
66,757486-1,Nertera granadensis,makole,Rubiaceae,USDA Plants Database::
67,746962-1,Coccocypselum herbaceum,yerba de guava,Rubiaceae,USDA Plants Database::
68,746963-1,Coccocypselum hirsutum,yerba de guava,Rubiaceae,USDA Plants Database::
69,747426-1,Coprosma kauensis,koi,Rubiaceae,USDA Plants Database::
70,747437-1,Coprosma longifolia,Oahu mirrorplant,Rubiaceae,USDA Plants Database::
71,747442-1,Coprosma menziesii,hupilo,Rubiaceae,USDA Plants Database::
72,747445-1,Coprosma × molokaiensis,mirrorplant,Rubiaceae,USDA Plants Database::
73,747446-1,Coprosma montana,alpine mirrorplant,Rubiaceae,USDA Plants Database::
74,747461-1,Coprosma ochracea,Maui mirrorplant,Rubiaceae,USDA Plants Database::
75,747481-1,Coprosma pubens,pubescent mirrorplant,Rubiaceae,USDA Plants Database::
76,747491-1,Coprosma repens,creeping mirrorplant,Rubiaceae,USDA Plants Database::
77,747497-1,Coprosma rhynchocarpa,woodland mirrorplant,Rubiaceae,USDA Plants Database::
78,747266-1,Coffea stenophylla,coffea,Rubiaceae,USDA Plants Database::
79,747522-1,Coprosma ternata,Molokai mirrorplant,Rubiaceae,USDA Plants Database::
80,747531-1,Coprosma waimeae,'olena,Rubiaceae,USDA Plants Database::
81,747863-1,Crucianella angustifolia,narrowleaf crucianella,Rubiaceae,USDA Plants Database::
82,77211013-1,Crusea simplex,mountain saucerflower,Rubiaceae,USDA Plants Database::
83,747959-1,Cruciata laevipes,smooth bedstraw,Rubiaceae,USDA Plants Database::
84,60453492-2,Cruciata pedemontana,piedmont bedstraw,Rubiaceae,USDA Plants Database::
85,78190-1,Cycladenia humilis,Sacramento waxydogbane,Apocynaceae,USDA Plants Database::
86,77154337-1,Hexasepalum apiculatum,stiff buttonweed,Rubiaceae,USDA Plants Database::
87,60442647-2,Spermacoce dasycephala,carretilla,Rubiaceae,USDA Plants Database::
88,766862-1,Spermacoce ocymifolia,slender buttonweed,Rubiaceae,USDA Plants Database::
89,77154341-1,Hexasepalum radulum,rough buttonweed,Rubiaceae,USDA Plants Database::
90,77154343-1,Hexasepalum sarmentosum,tropical buttonweed,Rubiaceae,USDA Plants Database::
91,77154345-1,Hexasepalum serrulatum,seaside buttonweed,Rubiaceae,USDA Plants Database::
92,77148179-1,Hexasepalum teres,poorjoe,Rubiaceae,USDA Plants Database::
93,77148179-1,Hexasepalum teres,poorjoe,Rubiaceae,USDA Plants Database::
94,77148179-1,Hexasepalum teres,poorjoe,Rubiaceae,USDA Plants Database::
95,77148179-1,Hexasepalum teres,poorjoe,Rubiaceae,USDA Plants Database::
96,77148179-1,Hexasepalum teres,poorjoe,Rubiaceae,USDA Plants Database::
97,319047-2,Diodia virginiana,Virginia buttonweed,Rubiaceae,USDA Plants Database::
98,319047-2,Diodia virginiana,Virginia buttonweed,Rubiaceae,USDA Plants Database::
99,319047-2,Diodia virginiana,Virginia buttonweed,Rubiaceae,USDA Plants Database::
100,78323-1,Dyera costulata,jelutong,Apocynaceae,USDA Plants Database::
101,78821-1,Echites umbellatus,devil's potato,Apocynaceae,USDA Plants Database::
102,96189-2,Ernodea cokeri,one-nerved ernodea,Rubiaceae,USDA Plants Database::
103,315444-2,Erithalis fruticosa,blacktorch,Rubiaceae,USDA Plants Database::
104,748814-1,Ernodea littoralis,coughbush,Rubiaceae,USDA Plants Database::
105,748862-1,Exallage auricularia,eared starviolet,Rubiaceae,USDA Plants Database::
106,1125915-2,Exostema caribaeum,Caribbean princewood,Rubiaceae,USDA Plants Database::
107,77187945-1,Solenandra elliptica,plateado,Rubiaceae,USDA Plants Database::
108,1187456-2,Faramea occidentalis,false coffee,Rubiaceae,USDA Plants Database::
109,88698-2,Echites panduratus,fernaldia,Apocynaceae,USDA Plants Database::
110,88698-2,Echites panduratus,loroco,Apocynaceae,USDA Plants Database::
111,101356-1,Secamone maritima,finlaysonia,Apocynaceae,USDA Plants Database::
112,77084115-1,Pinochia corymbosa,leche de perra,Apocynaceae,USDA Plants Database::
113,79098-1,Funtumia africana,Lagos silkrubbertree,Apocynaceae,USDA Plants Database::
114,79099-1,Funtumia elastica,silkrubber,Apocynaceae,USDA Plants Database::
115,749481-1,Galium album,white bedstraw,Rubiaceae,USDA Plants Database::
116,77176969-1,Galium stebbinsii,Yolla Bolly bedstraw,Rubiaceae,USDA Plants Database::
117,749501-1,Galium andrewsii,phloxleaf bedstraw,Rubiaceae,USDA Plants Database::
118,30007294-2,Galium aparine,stickywilly,Rubiaceae,"USDA Plants Database:POWO pages:30007294-2:Wiki:['als: Alemannische_Pflanzennamen_(Botanische_Namen)', 'als: Alemannische_Pflanzennamen_(nach_Systematik)', 'als: Alemannische_Pflanzennamen_(Deutsche_Namen)', 'sv: Lista_över_växter/S']"
119,106941-2,Galium argense,Argus bedstraw,Rubiaceae,USDA Plants Database::
120,749542-1,Galium arkansanum,Arkansas bedstraw,Rubiaceae,USDA Plants Database::
121,749540-1,Galium aristatum,awned bedstraw,Rubiaceae,USDA Plants Database::
122,749561-1,Galium asprellum,rough bedstraw,Rubiaceae,USDA Plants Database::
123,749610-1,Galium bifolium,twinleaf bedstraw,Rubiaceae,USDA Plants Database::
124,749624-1,Galium bolanderi,Bolander's bedstraw,Rubiaceae,USDA Plants Database::
125,749626-1,Galium boreale,northern bedstraw,Rubiaceae,USDA Plants Database::
126,750931-1,Gardenia brighamii,forest gardenia,Rubiaceae,USDA Plants Database::
127,106959-2,Galium buxifolium,box bedstraw,Rubiaceae,USDA Plants Database::
128,749666-1,Galium californicum,California bedstraw,Rubiaceae,USDA Plants Database::
129,106974-2,Galium catalinense,Santa Catalina Island bedstraw,Rubiaceae,USDA Plants Database::
130,749731-1,Galium circaezans,licorice bedstraw,Rubiaceae,USDA Plants Database::
131,749731-1,Galium circaezans,licorice bedstraw,Rubiaceae,USDA Plants Database::
132,106996-2,Galium clementis,Santa Lucia bedstraw,Rubiaceae,USDA Plants Database::
133,106997-2,Galium cliftonsmithii,Santa Barbara bedstraw,Rubiaceae,USDA Plants Database::
134,107000-2,Galium collomiae,Fossil Hill Creek bedstraw,Rubiaceae,USDA Plants Database::
135,107001-2,Galium coloradoense,Colorado bedstraw,Rubiaceae,USDA Plants Database::
136,749751-1,Galium concinnum,shining bedstraw,Rubiaceae,USDA Plants Database::
137,107006-2,Galium correllii,cliff bedstraw,Rubiaceae,USDA Plants Database::
138,107013-2,Galium desereticum,desert bedstraw,Rubiaceae,USDA Plants Database::
139,749836-1,Galium divaricatum,Lamarck's bedstraw,Rubiaceae,USDA Plants Database::
140,296177-2,Galium emeryense,Emery County bedstraw,Rubiaceae,USDA Plants Database::
141,749883-1,Galium fendleri,Fendler's bedstraw,Rubiaceae,USDA Plants Database::
142,107044-2,Galium glabrescens,Castle Lake bedstraw,Rubiaceae,USDA Plants Database::
143,327111-2,Galium glaucum,waxy bedstraw,Rubiaceae,USDA Plants Database::
144,107050-2,Galium grayanum,Gray's bedstraw,Rubiaceae,USDA Plants Database::
145,107049-2,Galium grande,San Gabriel bedstraw,Rubiaceae,USDA Plants Database::
146,107053-2,Galium hallii,Hall's bedstraw,Rubiaceae,USDA Plants Database::
147,107054-2,Galium hardhamiae,Hardham's bedstraw,Rubiaceae,USDA Plants Database::
148,277293-2,Galium bermudense,coastal bedstraw,Rubiaceae,USDA Plants Database::
149,107055-2,Galium hilendiae,Hilend's bedstraw,Rubiaceae,USDA Plants Database::
150,750032-1,Galium humifusum,spreading bedstraw,Rubiaceae,USDA Plants Database::
151,750044-1,Galium hypotrichium,alpine bedstraw,Rubiaceae,USDA Plants Database::
152,751073-1,Gardenia jasminoides,Cape jasmine,Rubiaceae,USDA Plants Database::
153,107080-2,Galium jepsonii,Jepson's bedstraw,Rubiaceae,USDA Plants Database::
154,107081-2,Galium johnstonii,Johnston's bedstraw,Rubiaceae,USDA Plants Database::
155,750102-1,Galium kamtschaticum,boreal bedstraw,Rubiaceae,USDA Plants Database::
156,107086-2,Galium labradoricum,northern bog bedstraw,Rubiaceae,USDA Plants Database::
157,750136-1,Galium lanceolatum,lanceleaf wild licorice,Rubiaceae,USDA Plants Database::
158,750148-1,Galium latifolium,purple bedstraw,Rubiaceae,USDA Plants Database::
159,107096-2,Galium magnifolium,largeleaf bedstraw,Rubiaceae,USDA Plants Database::
160,750215-1,Galium matthewsii,bushy bedstraw,Rubiaceae,USDA Plants Database::
161,751121-1,Gardenia mannii,Oahu gardenia,Rubiaceae,USDA Plants Database::
162,750229-1,Galium mexicanum,Mexican bedstraw,Rubiaceae,USDA Plants Database::
163,750235-1,Galium microphyllum,bracted bedstraw,Rubiaceae,USDA Plants Database::
164,750253-1,Galium mollugo,false baby's breath,Rubiaceae,USDA Plants Database::Wiki:['sv: Lista_över_växter/B']
165,750276-1,Galium multiflorum,shrubby bedstraw,Rubiaceae,USDA Plants Database::
166,107116-2,Galium munzii,Munz's bedstraw,Rubiaceae,USDA Plants Database::
167,750280-1,Galium murale,yellow wall bedstraw,Rubiaceae,USDA Plants Database::
168,107121-2,Galium muricatum,Humboldt bedstraw,Rubiaceae,USDA Plants Database::
169,750320-1,Galium nuttallii,climbing bedstraw,Rubiaceae,USDA Plants Database::
170,750329-1,Galium obtusum,bluntleaf bedstraw,Rubiaceae,USDA Plants Database::
171,750339-1,Galium odoratum,sweetscented bedstraw,Rubiaceae,USDA Plants Database::
172,107137-2,Galium oreganum,Oregon bedstraw,Rubiaceae,USDA Plants Database::
173,107139-2,Galium orizabense,bald bedstraw,Rubiaceae,USDA Plants Database::
174,750370-1,Galium palustre,common marsh bedstraw,Rubiaceae,USDA Plants Database::
175,107143-2,Galium parishii,Parish's bedstraw,Rubiaceae,USDA Plants Database::
176,750384-1,Galium parisiense,wall bedstraw,Rubiaceae,USDA Plants Database::
177,750432-1,Galium pilosum,hairy bedstraw,Rubiaceae,USDA Plants Database::
178,750432-1,Galium pilosum,hairy bedstraw,Rubiaceae,USDA Plants Database::
179,296179-2,Galium porrigens,graceful bedstraw,Rubiaceae,USDA Plants Database::
180,77072445-1,Galium × pomeranicum,bedstraw,Rubiaceae,USDA Plants Database::
181,750459-1,Galium proliferum,limestone bedstraw,Rubiaceae,USDA Plants Database::
182,751214-1,Gardenia remyi,Remy's gardenia,Rubiaceae,USDA Plants Database::
183,750553-1,Galium rubioides,European bedstraw,Rubiaceae,USDA Plants Database::
184,750586-1,Galium saxatile,heath bedstraw,Rubiaceae,USDA Plants Database::
185,750067-1,Galium intermedium,Schultes' bedstraw,Rubiaceae,USDA Plants Database::
186,107188-2,Galium serpenticum,Intermountain bedstraw,Rubiaceae,USDA Plants Database::
187,107201-2,Galium sparsiflorum,Sequoia bedstraw,Rubiaceae,USDA Plants Database::
188,750671-1,Galium stellatum,starry bedstraw,Rubiaceae,USDA Plants Database::
189,750671-1,Galium stellatum,starry bedstraw,Rubiaceae,USDA Plants Database::
190,750701-1,Galium sylvaticum,Scotch mist,Rubiaceae,USDA Plants Database::
191,751281-1,Gardenia taitensis,Tahitian gardenia,Rubiaceae,USDA Plants Database::
192,750734-1,Galium texense,Texas bedstraw,Rubiaceae,USDA Plants Database::
193,744208-1,Asperula tinctoria,stiff marsh bedstraw,Rubiaceae,USDA Plants Database::
194,750768-1,Galium trifidum,threepetal bedstraw,Rubiaceae,USDA Plants Database::
195,750771-1,Galium triflorum,fragrant bedstraw,Rubiaceae,USDA Plants Database::
196,107226-2,Galium tricornutum,roughfruit corn bedstraw,Rubiaceae,USDA Plants Database::
197,750789-1,Galium uliginosum,fen bedstraw,Rubiaceae,USDA Plants Database::
198,750796-1,Galium uncinulatum,bristly bedstraw,Rubiaceae,USDA Plants Database::
199,750800-1,Galium uniflorum,oneflower bedstraw,Rubiaceae,USDA Plants Database::
200,750829-1,Galium verum,Yellow Spring bedstraw,Rubiaceae,"USDA Plants Database::Wiki:['lb: Lëscht_vu_lëtzebuergesche_Planzennimm', 'sv: Lista_över_växter/G']"
201,77177145-1,Galium verrucosum,warty bedstraw,Rubiaceae,USDA Plants Database::
202,750836-1,Galium virgatum,southwestern bedstraw,Rubiaceae,USDA Plants Database::
203,751323-1,Gardenia volkensii,common gardenia,Rubiaceae,USDA Plants Database::
204,107256-2,Galium watsonii,Watson's bedstraw,Rubiaceae,USDA Plants Database::
205,750860-1,Galium wrightii,Wright's bedstraw,Rubiaceae,USDA Plants Database::
206,751331-1,Genipa americana,jagua,Rubiaceae,USDA Plants Database::
207,109024-2,Geophila repens,corrida yerba de guava,Rubiaceae,USDA Plants Database::
208,112505-2,Gonzalagunia hirsuta,mata de Mariposa,Rubiaceae,USDA Plants Database::
209,114528-2,Guettarda elliptica,hammock velvetseed,Rubiaceae,USDA Plants Database::
210,114552-2,Guettarda krugii,frogwood,Rubiaceae,USDA Plants Database::
211,752006-1,Guettarda odorata,cucubano de vieques,Rubiaceae,USDA Plants Database::
212,114580-2,Guettarda ovalifolia,cucubano,Rubiaceae,USDA Plants Database::
213,114604-2,Guettarda pungens,roseta,Rubiaceae,USDA Plants Database::
214,30058289-2,Guettarda scabra,wild guave,Rubiaceae,USDA Plants Database::
215,752100-1,Guettarda valenzuelana,cucubano de monte,Rubiaceae,USDA Plants Database::
216,945369-1,Gynochthodes epiphytica,epiphytic gynochthodes,Rubiaceae,USDA Plants Database::
217,117176-2,Hamelia axillaris,balsamillo,Rubiaceae,USDA Plants Database::
218,117868-2,Haplophyton crooksii,cockroachplant,Apocynaceae,USDA Plants Database::
219,752194-1,Hamelia patens,scarletbush,Rubiaceae,USDA Plants Database:POWO pages:752194-1:
220,328991-2,Hancornia speciosa,mangabeira,Apocynaceae,USDA Plants Database::
221,754613-1,Kadua acuminata,au,Rubiaceae,USDA Plants Database::
222,752243-1,Hedyotis aimiriikensis,Aimeliik starviolet,Rubiaceae,USDA Plants Database::
223,754617-1,Kadua centranthoides,forest starviolet,Rubiaceae,USDA Plants Database::
224,754618-1,Kadua cookiana,'awiwi,Rubiaceae,USDA Plants Database::
225,60454817-2,Kadua coriacea,kio'ele,Rubiaceae,USDA Plants Database::
226,752394-1,Hedyotis cornifolia,dogwood-leaved starviolet,Rubiaceae,USDA Plants Database::
227,752414-1,Hedyotis cyanantha,blue-flowerd starviolet,Rubiaceae,USDA Plants Database::
228,60454825-2,Kadua degeneri,Waianae Range starviolet,Rubiaceae,USDA Plants Database::
229,752445-1,Hedyotis divaricata,branched starviolet,Rubiaceae,USDA Plants Database::
230,754620-1,Kadua elatior,'uiwi,Rubiaceae,USDA Plants Database::
231,60454832-2,Kadua flynnii,cliff-dwelling starviolet,Rubiaceae,USDA Plants Database::
232,754621-1,Kadua fluviatilis,kamapua'a,Rubiaceae,USDA Plants Database::
233,60454821-2,Kadua foggiana,Kauai starviolet,Rubiaceae,USDA Plants Database::
234,754622-1,Kadua foliosa,Haleakala starviolet,Rubiaceae,USDA Plants Database::
235,754623-1,Kadua formosa,Maui starviolet,Rubiaceae,USDA Plants Database::
236,77176924-1,Kadua munroi,Fosberg's starviolet,Rubiaceae,USDA Plants Database::
237,60457515-2,Stenotis greenei,Greene's starviolet,Rubiaceae,USDA Plants Database::
238,60454804-2,Kadua axillaris,manono,Rubiaceae,USDA Plants Database::
239,60456476-2,Arcytophyllum fasciculatum,tangled starviolet,Rubiaceae,USDA Plants Database::
240,754630-1,Kadua knudsenii,kokee starviolet,Rubiaceae,USDA Plants Database::
241,752579-1,Hedyotis korrorensis,chemudelach,Rubiaceae,USDA Plants Database::
242,752579-1,Hedyotis korrorensis,chemudelach,Rubiaceae,USDA Plants Database::
243,752579-1,Hedyotis korrorensis,chemudelach,Rubiaceae,USDA Plants Database::
244,754632-1,Kadua littoralis,seacliff starviolet,Rubiaceae,USDA Plants Database::
245,754631-1,Kadua laxiflora,pilo,Rubiaceae,USDA Plants Database::
246,754635-1,Kadua parvula,rockface starviolet,Rubiaceae,USDA Plants Database::
247,752774-1,Hedyotis ponapensis,hedyotis,Rubiaceae,USDA Plants Database::
248,960190-1,Hedyotis sachetiana,Sachet's starviolet,Rubiaceae,USDA Plants Database::
249,754619-1,Kadua cordata,kopa,Rubiaceae,USDA Plants Database::
250,752919-1,Hedyotis suborthogona,capitate starviolet,Rubiaceae,USDA Plants Database::
251,754614-1,Kadua affinis,variable starviolet,Rubiaceae,USDA Plants Database::
252,752953-1,Hedyotis tomentosa,leblebul,Rubiaceae,USDA Plants Database::
253,60454806-2,Kadua tryblium,Kalalau Valley starviolet,Rubiaceae,USDA Plants Database::
254,752965-1,Hedyotis tuyamae,leblebul,Rubiaceae,USDA Plants Database::
255,77203407-1,Exallage cristata,hairy starviolet,Rubiaceae,USDA Plants Database::
256,124316-2,Houstonia prostrata,New Mexico starviolet,Rubiaceae,USDA Plants Database::
257,752838-1,Hedyotis rigida,hairy starviolet,Rubiaceae,USDA Plants Database::
258,315606-2,Hillia parasitica,tibey trepador,Rubiaceae,USDA Plants Database::
259,753313-1,Houstonia acerosa,needleleaf bluet,Rubiaceae,USDA Plants Database::
260,79318-1,Holarrhena pubescens,tellicherry bark,Apocynaceae,USDA Plants Database::
261,79318-1,Holarrhena pubescens,holarrhena,Apocynaceae,USDA Plants Database::
262,278288-2,Houstonia caerulea,azure bluet,Rubiaceae,USDA Plants Database::
263,124276-2,Houstonia correllii,Correll's bluet,Rubiaceae,USDA Plants Database::
264,124277-2,Houstonia croftiae,Croft's bluet,Rubiaceae,USDA Plants Database::
265,79302-1,Holarrhena floribunda,false rubber tree,Apocynaceae,USDA Plants Database::
266,753348-1,Houstonia humifusa,matted bluet,Rubiaceae,USDA Plants Database::
267,278294-2,Houstonia longifolia,longleaf summer bluet,Rubiaceae,USDA Plants Database::
268,124300-2,Houstonia micrantha,southern bluet,Rubiaceae,USDA Plants Database::
269,278297-2,Houstonia ouachitana,Ouachita bluet,Rubiaceae,USDA Plants Database::
270,124309-2,Houstonia parviflora,Greenman's bluet,Rubiaceae,USDA Plants Database::
271,124315-2,Houstonia procumbens,roundleaf bluet,Rubiaceae,USDA Plants Database::
272,124319-2,Houstonia purpurea,Venus' pride,Rubiaceae,USDA Plants Database::
273,30115995-2,Houstonia pusilla,tiny bluet,Rubiaceae,USDA Plants Database::
274,278300-2,Houstonia rosea,rose bluet,Rubiaceae,USDA Plants Database::
275,753385-1,Houstonia rubra,red bluet,Rubiaceae,USDA Plants Database::
276,753392-1,Houstonia serpyllifolia,thymeleaf bluet,Rubiaceae,USDA Plants Database::
277,753394-1,Houstonia subviscosa,nodding bluet,Rubiaceae,USDA Plants Database::
278,309544-2,Houstonia wrightii,pygmy bluet,Rubiaceae,USDA Plants Database::
279,753469-1,Hydnophytum longiflorum,longflowered ant plant,Rubiaceae,USDA Plants Database::
280,753678-1,Ixora acuminata,bola de nieve,Rubiaceae,USDA Plants Database::
281,753825-1,Ixora casei,everblooming ixora,Rubiaceae,USDA Plants Database::
282,753844-1,Ixora coccinea,scarlet jungleflame,Rubiaceae,USDA Plants Database::Wiki:['sv: Lista_över_växter/E']
283,753950-1,Ixora ferrea,palo de hierro,Rubiaceae,USDA Plants Database::
284,754326-1,Ixora pavetta,torch tree,Rubiaceae,USDA Plants Database::
285,754516-1,Ixora thwaitesii,white jungleflame,Rubiaceae,USDA Plants Database::
286,754654-1,Kelloggia galioides,milk kelloggia,Rubiaceae,USDA Plants Database::
287,79496-1,Kopsia flavida,yellow kopsia,Apocynaceae,USDA Plants Database::
288,79629-1,Landolphia heudelotii,landolphia rubber,Apocynaceae,USDA Plants Database::
289,79637-1,Landolphia kirkii,Kirk's landolphia,Apocynaceae,USDA Plants Database::
290,79672-1,Landolphia owariensis,white rubber vine,Apocynaceae,USDA Plants Database::
291,79764-1,Lepiniopsis trilocularis,lepiniopsis,Apocynaceae,USDA Plants Database::
292,755399-1,Luculia pinceana,Yunnan luculia,Rubiaceae,USDA Plants Database::
293,144317-2,Lucya tetrandra,false bluet,Rubiaceae,USDA Plants Database::
294,151937-2,Mandevilla brachysiphon,Huachuca Mountain rocktrumpet,Apocynaceae,USDA Plants Database::
295,151980-2,Mandevilla hypoleuca,Davis Mountain rocktrumpet,Apocynaceae,USDA Plants Database::
296,151992-2,Mandevilla lanuginosa,plateau rocktrumpet,Apocynaceae,USDA Plants Database::
297,152007-2,Mandevilla macrosiphon,plateau rocktrumpet,Apocynaceae,USDA Plants Database::
298,755472-1,Machaonia portoricensis,Puerto Rico alfilerillo,Rubiaceae,USDA Plants Database::
299,301847-2,Machaonia woodburyana,alfilerillo,Rubiaceae,USDA Plants Database::
300,1004488-1,Melodinus insularis,Palau melodinus,Apocynaceae,USDA Plants Database::
301,80297-1,Mesechites repens,bejuco,Apocynaceae,USDA Plants Database::
302,756218-1,Mitracarpus breviflorus,white girdlepod,Rubiaceae,USDA Plants Database::
303,756228-1,Mitracarpus hirtus,tropical girdlepod,Rubiaceae,USDA Plants Database::
304,162849-2,Mitracarpus maxwelliae,Maxwell's girdlepod,Rubiaceae,USDA Plants Database::
305,162853-2,Mitracarpus polycladus,cana gorda girdlepod,Rubiaceae,USDA Plants Database::
306,162855-2,Mitracarpus portoricensis,Puerto Rico girdlepod,Rubiaceae,USDA Plants Database::
307,280970-2,Mitchella repens,partridgeberry,Rubiaceae,USDA Plants Database::
308,756359-1,Morinda citrifolia,Indian mulberry,Rubiaceae,USDA Plants Database::
309,756408-1,Morinda latibractea,kesengelngel,Rubiaceae,USDA Plants Database::
310,756450-1,Morinda pedunculata,kesengelngel,Rubiaceae,USDA Plants Database::
311,756470-1,Morinda royoc,redgal,Rubiaceae,USDA Plants Database::
312,77117616-1,Gynochthodes trimera,noni kuahiwi,Rubiaceae,USDA Plants Database::
313,756618-1,Mussaenda erythrophylla,red mussaenda,Rubiaceae,USDA Plants Database::
314,756880-1,Mycetia cauliflora,mycetia,Rubiaceae,USDA Plants Database::
315,914296-1,Neolamarckia cadamba,kadam,Rubiaceae,USDA Plants Database::
316,80460-1,Nerium oleander,oleander,Apocynaceae,USDA Plants Database:POWO pages:80460-1:Wiki:['sv: Lista_över_växter/N']
317,80534-1,Ochrosia oppositifolia,neisosperma,Apocynaceae,USDA Plants Database::
318,767136-1,Stenostomum resinosum,aquilon,Rubiaceae,USDA Plants Database::
319,80497-1,Ochrosia compta,holei,Apocynaceae,USDA Plants Database::
320,80500-1,Ochrosia elliptica,elliptic yellowwood,Apocynaceae,USDA Plants Database::
321,80507-1,Ochrosia haleakalae,island yellowwood,Apocynaceae,USDA Plants Database::
322,80513-1,Ochrosia kauaiensis,Kauai yellowwood,Apocynaceae,USDA Plants Database::
323,80514-1,Ochrosia kilaueaensis,Hawai'i yellowwood,Apocynaceae,USDA Plants Database::
324,757730-1,Oldenlandia boscii,Bosc's mille graines,Rubiaceae,USDA Plants Database::
325,281564-2,Oldenlandiopsis callitrichoides,creeping-bluet,Rubiaceae,USDA Plants Database::
326,757791-1,Oldenlandia corymbosa,flat-top mille graines,Rubiaceae,USDA Plants Database::
327,757942-1,Oldenlandia lancifolia,calycose mille graines,Rubiaceae,USDA Plants Database::
328,1026122-2,Oldenlandia salzmannii,Salzmann's mille graines,Rubiaceae,USDA Plants Database::
329,77147294-1,Leptopetalum strigulosum,rough oldenlandia,Rubiaceae,USDA Plants Database::
330,60467434-2,Edrastima uniflora,clustered mille graines,Rubiaceae,USDA Plants Database::
331,77144475-1,Scleromitrion verticillatum,whorled oldenlandia,Rubiaceae,USDA Plants Database::
332,758552-1,Ophiorrhiza palauensis,meldii,Rubiaceae,USDA Plants Database::
333,758987-1,Palicourea alpina,tafetan,Rubiaceae,USDA Plants Database::
334,758887-1,Paederia cruddasiana,sewer vine,Rubiaceae,USDA Plants Database::
335,759062-1,Palicourea croceoides,yellow-cedar,Rubiaceae,USDA Plants Database::
336,759061-1,Palicourea crocea,red cappel,Rubiaceae,USDA Plants Database::
337,758897-1,Paederia foetida,stinkvine,Rubiaceae,USDA Plants Database::
338,759121-1,Palicourea guianensis,showy cappel,Rubiaceae,USDA Plants Database::
339,760275-1,Pentas lanceolata,Egyptian starcluster,Rubiaceae,USDA Plants Database::
340,942487-1,Pentalinon luteum,hammock viper's-tail,Apocynaceae,USDA Plants Database::
341,760328-1,Pentodon pentandrus,Hale's pentodon,Rubiaceae,USDA Plants Database::
342,192737-2,Phialanthus grandifolius,aquilon prieto,Rubiaceae,USDA Plants Database::
343,760440-1,Phialanthus myrtilloides,candlewood,Rubiaceae,USDA Plants Database::
344,760472-1,Pinckneya pubens,fevertree,Rubiaceae,USDA Plants Database::
345,81171-1,Plumeria alba,nosegaytree,Apocynaceae,USDA Plants Database::
346,81256-1,Plumeria obtusa,Singapore graveyard flower,Apocynaceae,USDA Plants Database::
347,81256-1,Plumeria obtusa,Singapore graveyard flower,Apocynaceae,USDA Plants Database::
348,81275-1,Plumeria rubra,templetree,Apocynaceae,USDA Plants Database::Wiki:['sv: Lista_över_växter/F']
349,88585-2,Echites agglutinatus,babeiro,Apocynaceae,USDA Plants Database::
350,77115595-1,Palicourea brachiata,palo de cachimbo,Rubiaceae,USDA Plants Database::
351,212816-2,Psychotria glabrata,Browne's wild coffee,Rubiaceae,USDA Plants Database::
352,960192-1,Psychotria cheathamiana,Cheatham's wild coffee,Rubiaceae,USDA Plants Database::
353,77115599-1,Palicourea deflexa,nodding wild coffee,Rubiaceae,USDA Plants Database::
354,761889-1,Psychotria diospyrifolia,ebonyleaf wild coffee,Rubiaceae,USDA Plants Database::
355,759083-1,Palicourea domingensis,cheakyberry,Rubiaceae,USDA Plants Database::
356,762020-1,Psychotria fauriei,Koolau Range wild coffee,Rubiaceae,USDA Plants Database::
357,762100-1,Psychotria garberiana,psychotria,Rubiaceae,USDA Plants Database::
358,762153-1,Psychotria grandiflora,largeflower wild coffee,Rubiaceae,USDA Plants Database::
359,762156-1,Psychotria grandis,cachimbo grande,Rubiaceae,USDA Plants Database::
360,762163-1,Psychotria greenwelliae,Kauai wild coffee,Rubiaceae,USDA Plants Database::
361,762195-1,Psychotria hathewayi,Waianae Range wild coffee,Rubiaceae,USDA Plants Database::
362,762196-1,Psychotria hawaiiensis,kopiko 'ula,Rubiaceae,USDA Plants Database::
363,762222-1,Psychotria hexandra,woodland wild coffee,Rubiaceae,USDA Plants Database::
364,762238-1,Psychotria hobdyi,milolii kopiwai,Rubiaceae,USDA Plants Database::
365,77115613-1,Palicourea hoffmannseggiana,Hoffmannsegg's wild coffee,Rubiaceae,USDA Plants Database::
366,77115613-1,Palicourea hoffmannseggiana,Hoffmannsegg's wild coffee,Rubiaceae,USDA Plants Database::
367,762246-1,Psychotria hombroniana,wild coffee,Rubiaceae,USDA Plants Database::
368,762350-1,Psychotria kaduana,kopiko kea,Rubiaceae,USDA Plants Database::
369,77122614-1,Psychotria kosraensis,Kosrae wild coffee,Rubiaceae,USDA Plants Database::
370,77164477-1,Eumachia leptothyrsa,slendercluster wild coffee,Rubiaceae,USDA Plants Database::
371,212991-2,Psychotria ligustrifolia,Bahama wild coffee,Rubiaceae,USDA Plants Database::
372,213047-2,Psychotria maleolens,cachimbo de gato,Rubiaceae,USDA Plants Database::
373,213066-2,Psychotria maricaensis,cachimbo de maricao,Rubiaceae,USDA Plants Database::
374,762618-1,Psychotria mariniana,forest wild coffee,Rubiaceae,USDA Plants Database::
375,762627-1,Psychotria mauiensis,'opiko,Rubiaceae,USDA Plants Database::
376,77154321-1,Eumachia microdon,thicket wild coffee,Rubiaceae,USDA Plants Database::
377,762752-1,Psychotria mycetoides,wild coffee,Rubiaceae,USDA Plants Database::
378,329821-2,Psychotria nervosa,Seminole balsamo,Rubiaceae,USDA Plants Database::
379,77164459-1,Eumachia nutans,floating balsamo,Rubiaceae,USDA Plants Database::
380,945364-1,Psydrax odoratus,alahe'e,Rubiaceae,USDA Plants Database::
381,77115623-1,Palicourea pubescens,hairy wild coffee,Rubiaceae,USDA Plants Database::
382,763141-1,Psychotria punctata,dotted wild coffee,Rubiaceae,USDA Plants Database::
383,763205-1,Psychotria revoluta,curl-leaf wild coffee,Rubiaceae,USDA Plants Database::
384,213510-2,Psychotria tenuifolia,shortleaf wild coffee,Rubiaceae,USDA Plants Database::
385,170751-2,Notopleura uliginosa,tres cabezas,Rubiaceae,USDA Plants Database::
386,763777-1,Psychotria wawrae,leatherleaf wild coffee,Rubiaceae,USDA Plants Database::
387,81442-1,Pteralyxia kauaiensis,Kauai pteralyxia,Apocynaceae,USDA Plants Database::
388,1007058-1,Pteralyxia laurifolia,ridged pteralyxia,Apocynaceae,USDA Plants Database::
389,763958-1,Randia aculeata,white indigoberry,Rubiaceae,USDA Plants Database::
390,222508-2,Rosenbergiodendron formosum,jasmin de rosa,Rubiaceae,USDA Plants Database::
391,81552-1,Rauvolfia insularis,omechidel,Apocynaceae,USDA Plants Database::
392,81598-1,Rauvolfia nitida,palo amargo,Apocynaceae,USDA Plants Database::
393,764299-1,Randia parvifolia,smallflower indigoberry,Rubiaceae,USDA Plants Database::
394,217057-2,Randia portoricensis,Puerto Rico indigoberry,Rubiaceae,USDA Plants Database::
395,217048-2,Randia obcordata,crucillo,Rubiaceae,USDA Plants Database::
396,81642-1,Rauvolfia sandwicensis,devil's-pepper,Apocynaceae,USDA Plants Database::
397,81648-1,Rauvolfia serpentina,serpentine wood,Apocynaceae,USDA Plants Database::
398,81663-1,Rauvolfia tetraphylla,be still tree,Apocynaceae,USDA Plants Database::
399,81670-1,Rauvolfia viridis,milkbush,Apocynaceae,USDA Plants Database::
400,81684-1,Rhabdadenia biflora,mangrovevine,Apocynaceae,USDA Plants Database::
401,764657-1,Richardia brasiliensis,tropical Mexican clover,Rubiaceae,USDA Plants Database::
402,764679-1,Richardia scabra,rough Mexican clover,Rubiaceae,USDA Plants Database::
403,221167-2,Richardia tricocca,prairie Mexican clover,Rubiaceae,USDA Plants Database::
404,221947-2,Rondeletia inermis,cordobancillo,Rubiaceae,USDA Plants Database::
405,764992-1,Rondeletia pilosa,cordobancillo peludo,Rubiaceae,USDA Plants Database::
406,222033-2,Rondeletia portoricensis,Juan Tomas,Rubiaceae,USDA Plants Database::
407,765369-1,Rubia tinctorum,dyer's madder,Rubiaceae,USDA Plants Database::
408,765830-1,Sabicea cinerea,largeflower woodvine,Rubiaceae,USDA Plants Database::
409,81759-1,Saba senegalensis,Senegal saba,Apocynaceae,USDA Plants Database::
410,765972-1,Sabicea villosa,woolly woodvine,Rubiaceae,USDA Plants Database::
411,229953-2,Schradera exotica,yellowshrub,Rubiaceae,USDA Plants Database::
412,230883-2,Scolosanthus grandifolius,espuela de galan,Rubiaceae,USDA Plants Database::
413,73566-3,Scyphiphora hydrophylacea,yamstick mangrove,Rubiaceae,USDA Plants Database::
414,230890-2,Scolosanthus portoricensis,maricao,Rubiaceae,USDA Plants Database::
415,766294-1,Scolosanthus versicolor,Puerto Rico devilbrush,Rubiaceae,USDA Plants Database::
416,766342-1,Sherardia arvensis,blue fieldmadder,Rubiaceae,USDA Plants Database::
417,766585-1,Spermacoce alata,winged false buttonweed,Rubiaceae,USDA Plants Database::
418,319724-2,Spermacoce remota,woodland false buttonweed,Rubiaceae,USDA Plants Database::
419,317930-2,Spermacoce capitata,baldhead false buttonweed,Rubiaceae,USDA Plants Database::
420,766663-1,Spermacoce confusa,river false buttonweed,Rubiaceae,USDA Plants Database::
421,945476-1,Spermacoce densiflora,bouquet false buttonweed,Rubiaceae,USDA Plants Database::
422,241414-2,Spermacoce eryngioides,whorled-leaf false buttonweed,Rubiaceae,USDA Plants Database::
423,766782-1,Spermacoce keyensis,Florida false buttonweed,Rubiaceae,USDA Plants Database::
424,241423-2,Spermacoce glabra,smooth false buttonweed,Rubiaceae,USDA Plants Database::
425,766800-1,Spermacoce latifolia,oval-leaf false buttonweed,Rubiaceae,USDA Plants Database::
426,766868-1,Spermacoce ovalifolia,broadleaf false buttonweed,Rubiaceae,USDA Plants Database::
427,766900-1,Spermacoce prostrata,prostrate false buttonweed,Rubiaceae,USDA Plants Database::
428,941971-1,Spermacoce brachysepala,West Indian false buttonweed,Rubiaceae,USDA Plants Database::
429,241474-2,Spermacoce tenuior,slender false buttonweed,Rubiaceae,USDA Plants Database::
430,767016-1,Spermacoce tetraquetra,pineland false buttonweed,Rubiaceae,USDA Plants Database::
431,993680-1,Spermacoce neoterminalis,Everglades Key false buttonweed,Rubiaceae,USDA Plants Database::
432,767031-1,Spermacoce verticillata,shrubby false buttonweed,Rubiaceae,USDA Plants Database::
433,1059649-2,Stenaria butterwickiae,Butterwick's starviolet,Rubiaceae,USDA Plants Database::
434,81881-1,Strophanthus eminii,Emin's strophanthus,Apocynaceae,USDA Plants Database::
435,81895-1,Strophanthus gratus,ouabain,Apocynaceae,USDA Plants Database::
436,81900-1,Strophanthus hispidus,hispid strophanthus,Apocynaceae,USDA Plants Database::
437,81909-1,Strophanthus kombe,kombe arrow poison,Apocynaceae,USDA Plants Database::
438,767228-1,Strumpfia maritima,pride of Big Pine,Rubiaceae,USDA Plants Database::
439,1052996-2,Stenaria mullerae,Muller's diamond-flowers,Rubiaceae,USDA Plants Database::
440,1059364-2,Stenaria nigricans,diamond-flowers,Rubiaceae,USDA Plants Database::
441,81938-1,Strophanthus preussii,Preuss' strophanthus,Apocynaceae,USDA Plants Database::
442,1181494-2,Stenaria rupicola,smallflower starviolet,Rubiaceae,USDA Plants Database::
443,81945-1,Strophanthus sarmentosus,strophanthus,Apocynaceae,USDA Plants Database::
444,81960-1,Strophanthus thollonii,Thollon's strophanthus,Apocynaceae,USDA Plants Database::
445,81985-1,Tabernaemontana alba,white milkwood,Apocynaceae,USDA Plants Database::
446,82013-1,Tabernaemontana aurantiaca,orange milkwood,Apocynaceae,USDA Plants Database::
447,82055-1,Tabernaemontana citrifolia,milkwood,Apocynaceae,USDA Plants Database::
448,82097-1,Tabernaemontana divaricata,pinwheelflower,Apocynaceae,USDA Plants Database::
449,47927-2,Cascabela thevetia,luckynut,Apocynaceae,USDA Plants Database::Wiki:['sv: Lista_över_växter/T']
450,47928-2,Cascabela thevetioides,thevetia,Apocynaceae,USDA Plants Database::
451,767737-1,Timonius corymbosus,flat-topped timonius,Rubiaceae,USDA Plants Database::
452,767780-1,Timonius korrensis,Koror timonius,Rubiaceae,USDA Plants Database::
453,767803-1,Timonius mollis,soft timonius,Rubiaceae,USDA Plants Database::
454,934222-1,Timonius salsedoi,Salsedo's timonius,Rubiaceae,USDA Plants Database::
455,767874-1,Timonius subauritus,eared timonius,Rubiaceae,USDA Plants Database::
456,767880-1,Timonius timon,liberal,Rubiaceae,USDA Plants Database::
457,252920-2,Thyrsanthella difformis,climbing dogbane,Apocynaceae,USDA Plants Database::
458,82553-1,Trachelospermum jasminoides,confederate jasmine,Apocynaceae,USDA Plants Database::
459,60458896-2,Uncaria gambir,gambir,Rubiaceae,USDA Plants Database::
460,768270-1,Uncaria lanosa,woolly uncaria,Rubiaceae,USDA Plants Database::
461,262478-2,Vallesia antillana,tearshrub,Apocynaceae,USDA Plants Database::
462,82668-1,Vallesia glabra,pearlberry,Apocynaceae,USDA Plants Database::
463,769766-1,Vangueria madagascariensis,voa vanga,Rubiaceae,USDA Plants Database::
464,82691-1,Vinca herbacea,herbaceous periwinkle,Apocynaceae,USDA Plants Database::
465,82697-1,Vinca major,bigleaf periwinkle,Apocynaceae,USDA Plants Database::
466,82701-1,Vinca minor,common periwinkle,Apocynaceae,"USDA Plants Database::Wiki:['lb: Lëscht_vu_lëtzebuergesche_Planzennimm', 'sv: Lista_över_växter/V']"
467,94213-1,,,,:POWO pages:94213-1:Wiki:['sv: Lista_över_växter/R']
468,77433-1,,,,:POWO pages:77433-1:
469,1004515-2,,,,:POWO pages:1004515-2:Wiki:['sv: Lista_över_växter/S']
470,82327-1,,,,:POWO pages:82327-1:
471,743001-1,,,,:POWO pages:743001-1:
472,751291-1,,,,:POWO pages:751291-1:
473,30107991-2,,,,:POWO pages:30107991-2:
474,753632-1,,,,:POWO pages:753632-1:
475,1215741-2,,,,:POWO pages:1215741-2:
476,77115635-1,,,,:POWO pages:77115635-1:
477,97610-1,,,,::Wiki:['sv: Lista_över_växter/B']
478,102810-1,,,,"::Wiki:['lb: Lëscht_vu_lëtzebuergesche_Planzennimm', 'sv: Lista_över_växter/T']"
479,551326-1,,,,::
480,513010-1,,,,::
481,513010-1,,,,::
482,423902-1,,,,::
483,77134465-1,,,,::
484,853797-1,,,,::
485,269518-1,,,,::
486,266903-1,,,,::
487,269406-1,,,,::
488,269406-1,,,,::
489,585610-1,,,,::
490,1012067-1,,,,::
491,1013601-1,,,,::
492,1013771-1,,,,::
493,1013771-1,,,,::
494,1013771-1,,,,::
495,101651-2,,,,::
496,1021552-1,,,,::
497,1028073-2,,,,::
498,105042-2,,,,::
499,10648-2,,,,::
500,10648-2,,,,::
501,10648-2,,,,::
502,10648-2,,,,::
503,10648-2,,,,::
504,10648-2,,,,::
505,1069792-2,,,,::
506,1080583-2,,,,::
507,1080583-2,,,,::
508,1080583-2,,,,::
509,1080584-2,,,,::
510,1080584-2,,,,::
511,1084305-2,,,,::
512,109189-1,,,,::
513,109874-1,,,,::
514,1104599-2,,,,::
515,1104599-2,,,,::
516,1104599-2,,,,::
517,1104599-2,,,,::
518,110541-1,,,,::
519,110541-1,,,,::
520,1106776-2,,,,::
521,116468-3,,,,::
522,116468-3,,,,::
523,116468-3,,,,::
524,60430581-2,,,,::
525,60430581-2,,,,::
526,1180620-2,,,,::
527,1180620-2,,,,::
528,1186403-2,,,,::
529,122028-2,,,,::
530,122028-2,,,,::
531,122028-2,,,,::
532,122028-2,,,,::
533,126405-2,,,,::
534,127723-1,,,,::
535,127723-1,,,,::
536,127736-1,,,,::
537,127736-1,,,,::
538,134809-2,,,,::
539,137026-2,,,,::
540,137026-2,,,,::
541,143240-1,,,,::
542,143240-1,,,,::
543,143240-1,,,,::
544,144366-2,,,,::
545,146083-1,,,,::
546,146083-1,,,,::
547,146824-1,,,,::
548,147095-1,,,,::
549,147187-1,,,,::
550,147187-1,,,,::
551,147187-1,,,,::
552,147286-1,,,,::
553,161441-1,,,,::
554,161441-1,,,,::
555,161441-1,,,,::
556,161441-1,,,,::
557,170145-1,,,,::
558,170145-1,,,,::
559,170163-1,,,,::
560,170163-1,,,,::
561,170163-1,,,,::
562,170163-1,,,,::
563,170163-1,,,,::
564,170163-1,,,,::
565,170296-1,,,,::
566,170296-1,,,,::
567,170296-1,,,,::
568,170296-1,,,,::
569,77164573-1,,,,::
570,77164573-1,,,,::
571,77164573-1,,,,::
572,77164573-1,,,,::
573,77164573-1,,,,::
574,171334-1,,,,::
575,171334-1,,,,::
576,171387-1,,,,::
577,171387-1,,,,::
578,172477-1,,,,::
579,173718-1,,,,::
580,173718-1,,,,::
581,17458930-1,,,,::
582,174987-1,,,,::
583,177893-2,,,,::
584,177893-2,,,,::
585,177893-2,,,,::
586,177893-2,,,,::
587,177893-2,,,,::
588,177893-2,,,,::
589,177893-2,,,,::
590,184771-1,,,,::
591,185228-1,,,,::
592,185228-1,,,,::
593,185228-1,,,,::
594,185404-1,,,,::
595,185404-1,,,,::
596,185404-1,,,,::
597,185404-1,,,,::
598,188073-1,,,,::
599,194567-2,,,,::
600,194567-2,,,,::
601,195473-2,,,,::
602,199513-1,,,,::
603,201373-1,,,,::
604,204734-1,,,,::
605,212436-1,,,,::
606,212436-1,,,,::
607,233190-1,,,,::
608,234461-1,,,,::
609,236543-1,,,,::
610,23865-1,,,,::
611,247741-1,,,,::
612,250561-1,,,,::
613,252132-1,,,,::
614,252132-1,,,,::
615,252132-1,,,,::
616,254724-2,,,,::
617,256481-2,,,,::
618,256481-2,,,,::
619,256481-2,,,,::
620,256481-2,,,,::
621,210886-1,,,,::
622,210886-1,,,,::
623,210886-1,,,,::
624,260893-1,,,,::
625,261363-1,,,,::
626,267957-1,,,,::
627,267957-1,,,,::
628,268350-1,,,,::
629,274384-1,,,,::
630,291939-1,,,,::
631,291939-1,,,,::
632,291939-1,,,,::
633,291938-1,,,,::
634,291938-1,,,,::
635,291938-1,,,,::
636,291938-1,,,,::
637,291938-1,,,,::
638,291938-1,,,,::
639,291938-1,,,,::
640,291938-1,,,,::
641,291938-1,,,,::
642,291938-1,,,,::
643,291954-1,,,,::
644,292126-1,,,,::
645,292126-1,,,,::
646,292126-1,,,,::
647,292141-1,,,,::
648,292141-1,,,,::
649,292141-1,,,,::
650,292141-1,,,,::
651,292141-1,,,,::
652,292141-1,,,,::
653,292998-1,,,,::
654,293397-1,,,,::
655,293397-1,,,,::
656,293397-1,,,,::
657,293397-1,,,,::
658,292230-1,,,,::
659,294462-1,,,,::
660,2945817-1,,,,::
661,2945817-1,,,,::
662,2945817-1,,,,::
663,,,,,::
664,,,,,::
665,,,,,::
666,,,,,::
667,,,,,::
668,,,,,::
669,,,,,::
670,,,,,::
671,,,,,::
672,,,,,::
673,,,,,::
674,,,,,::
675,,,,,::
676,,,,,::
677,,,,,::
678,,,,,::
679,,,,,::
680,,,,,::
681,,,,,::
682,,,,,::
683,,,,,::
684,,,,,::
685,,,,,::
686,,,,,::
687,,,,,::
688,,,,,::
689,,,,,::
690,,,,,::
691,,,,,::
692,,,,,::
693,,,,,::
694,,,,,::
695,,,,,::
696,,,,,::
697,,,,,::
698,,,,,::
699,,,,,::
700,,,,,::
701,,,,,::
702,,,,,::
703,,,,,::
704,,,,,::
705,,,,,::
706,,,,,::
707,,,,,::
708,,,,,::
709,30009591-2,,,,::
710,300668-2,,,,::
711,300668-2,,,,::
712,300668-2,,,,::
713,300668-2,,,,::
714,300668-2,,,,::
715,30337627-2,,,,::
716,304155-1,,,,::
717,304296-1,,,,::
718,304311-1,,,,::
719,305492-1,,,,::
720,305797-1,,,,::
721,305797-1,,,,::
722,305797-1,,,,::
723,306755-1,,,,::
724,305312-1,,,,::
725,312579-1,,,,::
726,312579-1,,,,::
727,316038-1,,,,::
728,316341-2,,,,::
729,316341-2,,,,::
730,316341-2,,,,::
731,316349-2,,,,::
732,319759-2,,,,::
733,319759-2,,,,::
734,321755-1,,,,::
735,60426565-2,,,,::
736,60426565-2,,,,::
737,60426565-2,,,,::
738,60426565-2,,,,::
739,321892-1,,,,::
740,322702-1,,,,::
741,322702-1,,,,::
742,322702-1,,,,::
743,322702-1,,,,::
744,322702-1,,,,::
745,322702-1,,,,::
746,322702-1,,,,::
747,322702-1,,,,::
748,323270-2,,,,::
749,323270-2,,,,::
750,323270-2,,,,::
751,323270-2,,,,::
752,323270-2,,,,::
753,323270-2,,,,::
754,323270-2,,,,::
755,323301-1,,,,::
756,323301-1,,,,::
757,323301-1,,,,::
758,323301-1,,,,::
759,32564-2,,,,::
760,32564-2,,,,::
761,32564-2,,,,::
762,32564-2,,,,::
763,32564-2,,,,::
764,32564-2,,,,::
765,32564-2,,,,::
766,32564-2,,,,::
767,326873-2,,,,::
768,327342-2,,,,::
769,327342-2,,,,::
770,327342-2,,,,::
771,330932-2,,,,::
772,330932-2,,,,::
773,330934-2,,,,::
774,330934-2,,,,::
775,331509-2,,,,::
776,332090-2,,,,::
777,332090-2,,,,::
778,337692-1,,,,::
779,337497-1,,,,::
780,337497-1,,,,::
781,342614-1,,,,::
782,342614-1,,,,::
783,342967-1,,,,::
784,342967-1,,,,::
785,342967-1,,,,::
786,346875-1,,,,::
787,347838-1,,,,::
788,354211-1,,,,::
789,354573-1,,,,::
790,357832-1,,,,::
791,357832-1,,,,::
792,361938-1,,,,::
793,370195-1,,,,::
794,367597-1,,,,::
795,367597-1,,,,::
796,374492-1,,,,::
797,387840-1,,,,::
798,387840-1,,,,::
799,387840-1,,,,::
800,387915-1,,,,::
801,387915-1,,,,::
802,389519-1,,,,::
803,389519-1,,,,::
804,389519-1,,,,::
805,389592-1,,,,::
806,389592-1,,,,::
807,389592-1,,,,::
808,389751-1,,,,::
809,389804-1,,,,::
810,389806-1,,,,::
811,947916-1,,,,::
812,992521-1,,,,::
813,992521-1,,,,::
814,60457348-2,,,,::
815,60457348-2,,,,::
816,60457348-2,,,,::
817,395201-1,,,,::
818,395214-1,,,,::
819,395214-1,,,,::
820,395214-1,,,,::
821,395214-1,,,,::
822,395214-1,,,,::
823,396063-1,,,,::
824,396063-1,,,,::
825,396063-1,,,,::
826,396063-1,,,,::
827,396063-1,,,,::
828,396063-1,,,,::
829,396888-1,,,,::
830,396888-1,,,,::
831,396888-1,,,,::
832,396888-1,,,,::
833,397065-1,,,,::
834,397065-1,,,,::
835,397065-1,,,,::
836,397065-1,,,,::
837,397387-1,,,,::
838,397387-1,,,,::
839,397387-1,,,,::
840,397387-1,,,,::
841,397387-1,,,,::
842,397392-1,,,,::
843,397402-1,,,,::
844,398970-1,,,,::
845,398970-1,,,,::
846,398970-1,,,,::
847,399115-1,,,,::
848,399115-1,,,,::
849,399115-1,,,,::
850,399115-1,,,,::
851,399215-1,,,,::
852,399215-1,,,,::
853,399215-1,,,,::
854,399655-1,,,,::
855,399655-1,,,,::
856,399655-1,,,,::
857,399655-1,,,,::
858,399746-1,,,,::
859,399746-1,,,,::
860,399746-1,,,,::
861,400626-1,,,,::
862,400675-1,,,,::
863,400806-1,,,,::
864,400806-1,,,,::
865,401036-1,,,,::
866,401175-1,,,,::
867,401216-1,,,,::
868,401381-1,,,,::
869,401381-1,,,,::
870,401614-1,,,,::
871,401614-1,,,,::
872,401614-1,,,,::
873,401703-1,,,,::
874,404772-1,,,,::
875,404772-1,,,,::
876,404772-1,,,,::
877,408452-1,,,,::
878,408718-1,,,,::
879,408718-1,,,,::
880,410075-1,,,,::
881,410989-1,,,,::
882,411884-1,,,,::
883,413240-1,,,,::
884,414702-1,,,,::
885,414702-1,,,,::
886,414702-1,,,,::
887,60470539-2,,,,::
888,60470539-2,,,,::
889,415507-1,,,,::
890,415507-1,,,,::
891,415507-1,,,,::
892,415507-1,,,,::
893,418477-1,,,,::
894,420907-1,,,,::
895,421051-1,,,,::
896,421051-1,,,,::
897,421600-1,,,,::
898,421794-1,,,,::
899,421814-1,,,,::
900,421814-1,,,,::
901,421814-1,,,,::
902,421814-1,,,,::
903,421814-1,,,,::
904,421814-1,,,,::
905,421814-1,,,,::
906,421814-1,,,,::
907,421814-1,,,,::
908,421857-1,,,,::
909,421857-1,,,,::
910,421857-1,,,,::
911,421857-1,,,,::
912,421857-1,,,,::
913,422594-1,,,,::
914,422729-1,,,,::
915,422729-1,,,,::
916,422729-1,,,,::
917,422774-1,,,,::
918,422865-1,,,,::
919,422865-1,,,,::
920,422898-1,,,,::
921,422898-1,,,,::
922,422898-1,,,,::
923,422898-1,,,,::
924,422949-1,,,,::
925,423934-1,,,,::
926,423934-1,,,,::
927,423934-1,,,,::
928,423934-1,,,,::
929,424391-1,,,,::
930,424391-1,,,,::
931,424606-1,,,,::
932,424645-1,,,,::
933,424645-1,,,,::
934,426247-1,,,,::
935,426289-1,,,,::
936,426289-1,,,,::
937,426289-1,,,,::
938,426289-1,,,,::
939,426289-1,,,,::
940,426289-1,,,,::
941,426600-1,,,,::
942,428049-1,,,,::
943,428049-1,,,,::
944,428049-1,,,,::
945,77183403-1,,,,::
946,77183403-1,,,,::
947,431820-1,,,,::
948,431904-1,,,,::
949,435155-1,,,,::
950,439813-1,,,,::
951,444370-1,,,,::
952,444370-1,,,,::
953,45742-1,,,,::
954,463202-1,,,,::
955,77131687-1,,,,::
956,77131687-1,,,,::
957,77089273-1,,,,::
958,77089273-1,,,,::
959,77089273-1,,,,::
960,77089273-1,,,,::
961,77130781-1,,,,::
962,77130781-1,,,,::
963,77150533-1,,,,::
964,77150533-1,,,,::
965,60453639-2,,,,::
966,77087189-1,,,,::
967,77087189-1,,,,::
968,77131741-1,,,,::
969,77131741-1,,,,::
970,77131741-1,,,,::
971,77089270-1,,,,::
972,77087190-1,,,,::
973,77087190-1,,,,::
974,472729-1,,,,::
975,473175-1,,,,::
976,473175-1,,,,::
977,473175-1,,,,::
978,473175-1,,,,::
979,473260-1,,,,::
980,473260-1,,,,::
981,473260-1,,,,::
982,480802-1,,,,::
983,486795-1,,,,::
984,486795-1,,,,::
985,486795-1,,,,::
986,486795-1,,,,::
987,488337-1,,,,::
988,488337-1,,,,::
989,488671-1,,,,::
990,497148-1,,,,::
991,497148-1,,,,::
992,497148-1,,,,::
993,497148-1,,,,::
994,52612-1,,,,::
995,52612-1,,,,::
996,509555-1,,,,::
997,509612-1,,,,::
998,511125-1,,,,::
999,514346-1,,,,::
1000,514346-1,,,,::
1001,518528-1,,,,::
1002,519669-1,,,,::
1003,525419-1,,,,::
1004,526159-1,,,,::
1005,526611-1,,,,::
1006,526777-1,,,,::
1007,530996-1,,,,::
1008,530996-1,,,,::
1009,530996-1,,,,::
1010,531220-1,,,,::
1011,531220-1,,,,::
1012,533935-1,,,,::
1013,533935-1,,,,::
1014,534485-1,,,,::
1015,534485-1,,,,::
1016,535953-1,,,,::
1017,535953-1,,,,::
1018,535953-1,,,,::
1019,77182949-1,,,,::
1020,77182949-1,,,,::
1021,77182949-1,,,,::
1022,54310-2,,,,::
1023,54606-2,,,,::
1024,54834-1,,,,::
1025,548681-1,,,,::
1026,552014-1,,,,::
1027,552674-1,,,,::
1028,554203-1,,,,::
1029,558628-1,,,,::
1030,558628-1,,,,::
1031,560068-1,,,,::
1032,560068-1,,,,::
1033,560068-1,,,,::
1034,560190-1,,,,::
1035,560561-1,,,,::
1036,560586-1,,,,::
1037,562784-1,,,,::
1038,563396-1,,,,::
1039,563567-1,,,,::
1040,563600-1,,,,::
1041,563600-1,,,,::
1042,56406-1,,,,::
1043,579419-1,,,,::
1044,61675-1,,,,::
1045,61675-1,,,,::
1046,61675-1,,,,::
1047,61675-1,,,,::
1048,601581-1,,,,::
1049,601581-1,,,,::
1050,601581-1,,,,::
1051,60178-1,,,,::
1052,60178-1,,,,::
1053,60200-1,,,,::
1054,60200-1,,,,::
1055,602876-1,,,,::
1056,603018-1,,,,::
1057,60397-1,,,,::
1058,60397-1,,,,::
1059,60397-1,,,,::
1060,291518-1,,,,::
1061,60458980-2,,,,::
1062,60458980-2,,,,::
1063,60458980-2,,,,::
1064,60458980-2,,,,::
1065,60458980-2,,,,::
1066,60518-2,,,,::
1067,60518-2,,,,::
1068,60518-2,,,,::
1069,60518-2,,,,::
1070,605270-1,,,,::
1071,605604-1,,,,::
1072,605604-1,,,,::
1073,605604-1,,,,::
1074,60693-1,,,,::
1075,608572-1,,,,::
1076,608572-1,,,,::
1077,609490-1,,,,::
1078,609790-1,,,,::
1079,104698-3,,,,::
1080,104698-3,,,,::
1081,614405-1,,,,::
1082,614405-1,,,,::
1083,614405-1,,,,::
1084,614405-1,,,,::
1085,634419-1,,,,::
1086,634699-1,,,,::
1087,637247-1,,,,::
1088,63935-2,,,,::
1089,63935-2,,,,::
1090,64011-1,,,,::
1091,93603-2,,,,::
1092,93603-2,,,,::
1093,66512-1,,,,::
1094,667526-1,,,,::
1095,667526-1,,,,::
1096,667526-1,,,,::
1097,667526-1,,,,::
1098,667526-1,,,,::
1099,667526-1,,,,::
1100,668943-1,,,,::
1101,668943-1,,,,::
1102,668943-1,,,,::
1103,77184042-1,,,,::
1104,77183902-1,,,,::
1105,77183902-1,,,,::
1106,77183902-1,,,,::
1107,77183902-1,,,,::
1108,676005-1,,,,::
1109,676005-1,,,,::
1110,687109-1,,,,::
1111,687109-1,,,,::
1112,695040-1,,,,::
1113,699334-1,,,,::
1114,699334-1,,,,::
1115,699334-1,,,,::
1116,716679-1,,,,::
1117,716679-1,,,,::
1118,719359-1,,,,::
1119,719359-1,,,,::
1120,77161578-1,,,,::
1121,77161578-1,,,,::
1122,759597-1,,,,::
1123,766954-1,,,,::
1124,76904-3,,,,::
1125,77074743-1,,,,::
1126,77079550-1,,,,::
1127,782206-1,,,,::
1128,782206-1,,,,::
1129,782206-1,,,,::
1130,782206-1,,,,::
1131,798783-1,,,,::
1132,801806-1,,,,::
1133,808679-1,,,,::
1134,809994-1,,,,::
1135,809994-1,,,,::
1136,810019-1,,,,::
1137,810019-1,,,,::
1138,815555-1,,,,::
1139,821709-1,,,,::
1140,821709-1,,,,::
1141,821709-1,,,,::
1142,834087-1,,,,::
1143,834087-1,,,,::
1144,834087-1,,,,::
1145,834087-1,,,,::
1146,834301-1,,,,::
1147,834301-1,,,,::
1148,834301-1,,,,::
1149,836829-1,,,,::
1150,836829-1,,,,::
1151,836829-1,,,,::
1152,836829-1,,,,::
1153,852553-1,,,,::
1154,853526-1,,,,::
1155,853830-1,,,,::
1156,853830-1,,,,::
1157,853830-1,,,,::
1158,853830-1,,,,::
1159,853830-1,,,,::
1160,853943-1,,,,::
1161,862431-1,,,,::
1162,863170-1,,,,::
1163,863203-1,,,,::
1164,873489-1,,,,::
1165,873489-1,,,,::
1166,873489-1,,,,::
1167,873489-1,,,,::
1168,212994-1,,,,::
1169,212994-1,,,,::
1170,912745-1,,,,::
1171,912745-1,,,,::
1172,912745-1,,,,::
1173,518341-1,,,,::
1174,941349-1,,,,::
1175,945550-1,,,,::
1176,945550-1,,,,::
1177,947611-1,,,,::
1178,947611-1,,,,::
1179,947611-1,,,,::
1180,969318-1,,,,::
1181,97271-1,,,,::
1182,99946-1,,,,::
1183,257735-2,,,,::
1184,257735-2,,,,::
1185,30147294-2,,,,::
1186,30147294-2,,,,::
1187,30147294-2,,,,::
1188,30147294-2,,,,::
1189,578949-1,,,,::
1190,84027-2,,,,::
1191,316204-2,,,,::
1192,796556-1,,,,::
1193,636310-1,,,,::
1194,601421-1,,,,::
1195,796451-1,,,,::
1196,675145-1,,,,::
1197,337478-1,,,,::
1198,77142622-1,,,,::
1199,77143286-1,,,,::
1200,194533-1,,,,::
1201,325643-2,,,,::
1202,726282-1,,,,::
1203,77094887-1,,,,::
1204,125266-1,,,,::
1205,295349-1,,,,::
1206,610675-1,,,,::
1207,525534-1,,,,::
1208,422090-1,,,,::
1209,421164-1,,,,::
1210,513918-1,,,,::
1211,410061-1,,,,::
1212,797536-1,,,,::
1213,525117-1,,,,::
1214,1127257-2,,,,::
1215,524737-1,,,,::
1216,820053-1,,,,::
1217,501912-1,,,,::
1218,514191-1,,,,::
1219,77105978-1,,,,::
1220,399945-1,,,,::
1221,30234961-2,,,,::
1222,797527-1,,,,::
1223,524872-1,,,,::
1224,501990-1,,,,::
1225,1152177-2,,,,::
1226,119003-2,,,,::
1227,605422-1,,,,::
1228,262125-1,,,,::
1229,482418-1,,,,::
1230,56339-1,,,,::
1231,605778-1,,,,::
1232,779348-1,,,,::
1233,30002980-2,,,,::
1234,998294-1,,,,::
1235,77159305-1,,,,::
1236,261823-2,,,,::
1237,164505-1,,,,::
1238,279435-1,,,,::
1239,1101088-2,,,,::
1240,821337-1,,,,::
1241,528796-1,,,,::
1242,558006-1,,,,::
1243,841063-1,,,,::
1244,332110-2,,,,::
1245,30074127-2,,,,::
1246,486336-1,,,,::
1247,12322-2,,,,::
1248,682369-1,,,,::
1249,60444138-2,,,,::
1250,77116317-1,,,,::
1251,603661-1,,,,::
1252,534989-1,,,,::
1253,77121679-1,,,,::
1254,554553-1,,,,::
1255,77141215-1,,,,::
1256,77118772-1,,,,::
1257,717646-1,,,,::
1258,648125-1,,,,::
1259,632612-1,,,,::
1260,539724-1,,,,::
1261,30019518-2,,,,::
1262,541086-1,,,,::
1263,531229-1,,,,::
1264,430593-1,,,,::
1265,685873-1,,,,::
1266,507208-1,,,,::
1267,32197-2,,,,::
1268,454047-1,,,,::
1269,158320-1,,,,::
1270,60476252-2,,,,::
1271,439087-1,,,,::
1272,609009-1,,,,::
1273,62888-2,,,,::
1274,90723-1,,,,::
1275,30176564-2,,,,::
1276,822755-1,,,,::
1277,887445-1,,,,::
1278,662054-1,,,,::
1279,730297-1,,,,::
1280,292416-1,,,,::
1281,473166-1,,,,::
1282,510579-1,,,,::
1283,495345-1,,,,::
1284,798324-1,,,,::
1285,796466-1,,,,::
1286,872372-1,,,,::
1287,796432-1,,,,::
1288,318787-1,,,,::
1289,665636-1,,,,::
1290,88690-1,,,,::
1291,626908-1,,,,::
1292,255156-1,,,,::
1293,451188-1,,,,::
1294,538935-1,,,,::
1295,725448-1,,,,::
1296,771766-1,,,,::
1297,71162-1,,,,::
1298,496941-1,,,,::
1299,267419-1,,,,::
1300,30066468-2,,,,::
1301,998313-1,,,,::
1302,858073-1,,,,::
1303,314859-2,,,,::
1304,490993-1,,,,::
1305,279034-2,,,,::
1306,504939-1,,,,::
1307,30034699-2,,,,::
1308,914834-1,,,,::
1309,1174497-2,,,,::
1310,87143-2,,,,::
1311,521097-1,,,,::
1312,496537-1,,,,::
1313,30052311-2,,,,::
1314,867953-1,,,,::
1315,296701-1,,,,::
1316,77110966-1,,,,::
1317,332109-2,,,,::
1318,105770-2,,,,::
1319,47644-2,,,,::
1320,196799-2,,,,::
1321,316944-2,,,,::
1322,64496-1,,,,::
1323,660987-1,,,,::
1324,30061148-2,,,,::
1325,111532-1,,,,::
1326,872224-1,,,,::
1327,497154-1,,,,::
1328,927409-1,,,,::
1329,714372-1,,,,::
1330,796470-1,,,,::
1331,85681-1,,,,::
1332,790110-1,,,,::
1333,30030166-2,,,,::
1334,77112229-1,,,,::
1335,107955-1,,,,::
1336,610878-1,,,,::
1337,650501-1,,,,::
1338,927252-1,,,,::
1339,157746-1,,,,::
1340,219432-2,,,,::
1341,375573-1,,,,::
1342,693182-1,,,,::
1343,449031-1,,,,::
1344,64033-1,,,,::
1345,77128677-1,,,,::
1346,539674-1,,,,::
1347,191037-1,,,,::
1348,302053-2,,,,::
1349,510488-1,,,,::
1350,107301-1,,,,::
1351,982651-1,,,,::
1352,289220-2,,,,::
1353,535342-1,,,,::
1354,110483-1,,,,::
1355,275898-2,,,,::
1356,831625-1,,,,::
1357,74141-1,,,,::
1358,732029-1,,,,::
1359,273040-1,,,,::
1360,160962-1,,,,::
1361,528868-1,,,,::
1362,711980-1,,,,::
1363,675370-1,,,,::
1364,658613-1,,,,::
1365,184613-1,,,,::
1366,345941-1,,,,::
1367,711373-1,,,,::
1368,798125-1,,,,::
1369,92978-1,,,,::
1370,616416-1,,,,::
1371,455710-1,,,,::
1372,56668-1,,,,::
1373,30080890-2,,,,::
1374,77137999-1,,,,::
1375,73870-2,,,,::
1376,60447289-2,,,,::
1377,375933-1,,,,::
1378,438741-1,,,,::
1379,536335-1,,,,::
1380,60458895-2,,,,::
1381,77125496-1,,,,::
1382,673641-1,,,,::
1383,538081-1,,,,::
1384,311519-2,,,,::
1385,141368-1,,,,::
1386,703118-1,,,,::
1387,1185087-2,,,,::
1388,802077-1,,,,::
1389,304416-2,,,,::
1390,582598-1,,,,::
1391,375003-1,,,,::
1392,850861-1,,,,::
1393,83283-1,,,,::
1394,77068718-1,,,,::
1395,261681-1,,,,::
1396,558477-1,,,,::
1397,429575-1,,,,::
1398,854805-1,,,,::
1399,516496-1,,,,::
1400,702757-1,,,,::
1401,702756-1,,,,::
1402,701821-1,,,,::
1403,974315-1,,,,::
1404,701653-1,,,,::
1405,283224-2,,,,::
1406,241451-1,,,,::
1407,732680-1,,,,::
1408,512183-1,,,,::
1409,793336-1,,,,::
1410,948198-1,,,,::
1411,77112329-1,,,,::
1412,65959-1,,,,::
1413,785606-1,,,,::
1414,317390-2,,,,::
1415,444058-1,,,,::
1416,836044-1,,,,::
1417,448886-1,,,,::
1418,262578-2,,,,::
1419,811039-1,,,,::
1420,927323-1,,,,::
1421,597833-1,,,,::
1422,482336-1,,,,::
1423,66312-1,,,,::
1424,77177080-1,,,,::
1425,139248-1,,,,::
1426,494578-1,,,,::
1427,871784-1,,,,::
1428,647746-1,,,,::
1429,535213-1,,,,::
1430,104799-2,,,,::
1431,65769-1,,,,::
1432,285875-2,,,,::
1433,608900-1,,,,::
1434,327549-2,,,,::
1435,50798-3,,,,::
1436,592965-1,,,,::
1437,533112-1,,,,::
1438,534538-1,,,,::
1439,127676-1,,,,::
1440,202039-1,,,,::
1441,63817-1,,,,::
1442,60466062-2,,,,::
1443,436703-1,,,,::
1444,397953-1,,,,::
1445,910807-1,,,,::
1446,189721-1,,,,::
1447,491231-1,,,,::
1448,491228-1,,,,::
1449,207466-1,,,,::
1450,60441188-2,,,,::
1451,373033-1,,,,::
1452,439226-1,,,,::
1453,469798-1,,,,::
1454,828402-1,,,,::
1455,500988-1,,,,::
1456,208700-1,,,,::
1457,60450399-2,,,,::
1458,971733-1,,,,::
1459,17082540-1,,,,::
1460,837560-1,,,,::
1461,367703-1,,,,::
1462,373281-1,,,,::
1463,539710-1,,,,::
1464,139988-1,,,,::
1465,141223-1,,,,::
1466,793128-1,,,,::
1467,83051-1,,,,::
1468,127065-1,,,,::
1469,306036-2,,,,::
1470,316069-1,,,,::
1471,306058-2,,,,::
1472,234727-2,,,,::
1473,862301-1,,,,::
1474,77107546-1,,,,::
1475,662042-1,,,,::
1476,77162080-1,,,,::
1477,751152-1,,,,::
1478,25626-2,,,,::
1479,993171-1,,,,::
1480,525007-1,,,,::
1481,896863-1,,,,::
1482,261597-2,,,,::
1483,396896-1,,,,::
1484,300467-2,,,,::
1485,584810-1,,,,::
1486,263221-1,,,,::
1487,64515-1,,,,::
1488,419977-1,,,,::
1489,1003767-1,,,,::
1490,316812-2,,,,::
1491,135420-1,,,,::
1492,30116962-2,,,,::
1493,832995-1,,,,::
1494,705735-1,,,,::
1495,805152-1,,,,::
1496,437425-1,,,,::
1497,313242-2,,,,::
1498,828548-1,,,,::
1499,458280-1,,,,::
1500,391732-1,,,,::
1501,864424-1,,,,::
1502,675824-1,,,,::
1503,592777-1,,,,::
1504,257148-1,,,,::
1505,1017425-1,,,,::
1506,983707-1,,,,::
1507,235817-1,,,,::
1508,317936-1,,,,::
1509,30058367-2,,,,::
1510,536999-1,,,,::
1511,77102785-1,,,,::
1512,798194-1,,,,::
1513,529640-1,,,,::
1514,730000-1,,,,::
1515,207656-1,,,,::
1516,66177-1,,,,::
1517,983294-1,,,,::
1518,628105-1,,,,::
1519,1169665-2,,,,::
1520,320783-2,,,,::
1521,445982-1,,,,::
1522,77159191-1,,,,::
1523,470839-1,,,,::
1524,304293-2,,,,::
1525,453395-1,,,,::
1526,296785-1,,,,::
1527,320129-2,,,,::
1528,584951-1,,,,::
1529,277970-1,,,,::
1530,585005-1,,,,::
1531,300881-2,,,,::
1532,1001247-1,,,,::
1533,603791-1,,,,::
1534,900468-1,,,,::
1535,85334-1,,,,::
1536,260630-2,,,,::
1537,30122169-2,,,,::
1538,77099717-1,,,,::
1539,77099718-1,,,,::
1540,529449-1,,,,::
1541,77125490-1,,,,::
1542,530017-1,,,,::
1543,226479-2,,,,::
1544,955647-1,,,,::
1545,798372-1,,,,::
1546,383591-1,,,,::
1547,605776-1,,,,::
1548,520167-1,,,,::
1549,77110362-1,,,,::
1550,184409-1,,,,::
1551,864923-1,,,,::
1552,77102629-1,,,,::
1553,764782-1,,,,::
1554,30104492-2,,,,::
1555,668220-1,,,,::
1556,518304-1,,,,::
1557,77089275-1,,,,::
1558,305836-2,,,,::
1559,84456-1,,,,::
1560,77090327-1,,,,::
1561,457138-1,,,,::
1562,320700-2,,,,::
1563,89403-1,,,,::
1564,60444565-2,,,,::
1565,77094709-1,,,,::
1566,295174-1,,,,::
1567,936959-1,,,,::
1568,986236-1,,,,::
1569,866039-1,,,,::
1570,523575-1,,,,::
1571,254151-1,,,,::
1572,77086615-1,,,,::
1573,1119529-2,,,,::
1574,519595-1,,,,::
1575,459557-1,,,,::
1576,332105-2,,,,::
1577,295924-1,,,,::
1578,455176-1,,,,::
1579,696042-1,,,,::
1580,80706-1,,,,::
1581,410276-1,,,,::
1582,453130-1,,,,::
1583,452874-1,,,,::
1584,58435-1,,,,::
1585,448792-1,,,,::
1586,131713-2,,,,::
1587,30138371-2,,,,::
1588,349913-1,,,,::
1589,852482-1,,,,::
1590,348373-1,,,,::
1591,297146-1,,,,::
1592,297067-1,,,,::
1593,528894-1,,,,::
