,Accepted_ID,Accepted_Name,Accepted_Species,Accepted_Species_ID,Accepted_Rank,powo_Snippet,knapsack_snippet,Sources
0,77880-1,Catharanthus roseus,Catharanthus roseus,77880-1,Species, <b>Use</b>: Some of the <em>alkaloids</em> of C. roseus are used,"""['16R,19E-Isositsirikine', '10-O-Methylsarpagine', 'Sitsirikine', 'Stemmadenine', 'Strictosidine', '4,21-Dehydrogeissoschizine', '(E)-Geissoschizine', 'Alstonine', 'Lochnericine', 'Tetrahydroalstonine', '(-)-Akuammicine:Akuammicine', 'Tabersonine', '(-)-Hazuntine', '11-Methoxytabersonine', '19R-Hydroxy-11-methoxy-tabersonine', 'Leurosine', 'Cathovaline', 'Vindoline', 'Vindolinine', '(-)-Venalstonine', '19-Epivindolinine', '19R-Hydroxytabersonine', 'Vindorosine', 'L-Phenylalanine', 'Tryptamine', 'Ajmalicine', 'Catharanthine', '(-)-Coronaridine', 'Ibogamine', 'Leurosidine', 'Mitraphylline', 'Serpentine', 'Vinblastine', 'Vincamine', 'Vincristine', '(+)-Minovincinine', '(-)-Vincadifformine', '11-Hydroxytabersonine', '14,15-Didehydro-epivincadine', '19-Epivindolinine N-oxide', 'Bannucine', 'Deacetylvindoline', 'Vincoline', 'Vindolinine N-oxide', 'Voacangine', 'Pericyclivine', 'Perivine', 'Pleiocarpamine', 'Isoleurosine', 'Lochneridine', '16-Methoxy-2,3-dihydro-3hydro-3-hydroxytabersoine', 'Minovincinine', ""3',4'-Anhydrovinblastine"", 'Cathenamine', 'Desacetoxyvindoline', 'Epicathenamine', '(16R)-Z-Isositsirikine', 'Echitovenine', 'Vinorelbine', 'hoerhammericine']""",POWO pages(/taxon/urn:lsid:ipni.org:names:77880-1):KNApSAcK
1,105718-3,Alstonia angustifolia,Alstonia angustifolia,105718-3,Species,,"""['Affinisine', '(+)-Quebrachidine', '(-)-Vincamajine', 'Normacusine B', '16R,19E-Isositsirikine', 'Norfluorocurarine', 'Talcarpine', 'Alstonisine', '10-Methoxyaffinisine', 'Isoalstonisine', 'Macrogentine', 'Alstonoxine A', 'Alstonoxine B', 'Alstofoline', 'Affinisine oxindole', 'Lagumicine', 'Alstonerine', 'Alstophylline', 'N(4)-Methyl-N(4),21-seco-talpinine', '10-O-Methylsarpagine', 'Alstoumerine', 'Cathafoline', 'Cathafoline N(4)-oxide', '11-Hydroxystrictamine', '11-Methoxystrictamine', 'Vincorine', '10-Methoxyvincamajine', 'Sitsirikine', '11-Methoxyakuammicine', 'Alstovine', '19,20-Didehydro-10-methoxytalcarpine', 'Villalstonine', '10-Methoxycathafoline', 'Strictamine']""",:KNApSAcK
2,76507-1,Alstonia angustiloba,Alstonia angustiloba,76507-1,Species,,"""['16R,19E-Isositsirikine', 'Condylocarpine', 'Stemmadenine', 'Angustilocine', 'Strictosidine', '4,21-Dehydrogeissoschizine', '(E)-Geissoschizine']""",:KNApSAcK
3,76517-1,Alstonia congensis,Alstonia congensis,76517-1,Species,,"""['Echitamine', 'Echitamidine']""",:KNApSAcK
4,76518-1,Alstonia constricta,Alstonia constricta,76518-1,Species,,"""['(+)-Quebrachidine', '(-)-Vincamajine', 'Alstonine', '(-)-Vincamedine', ""(-)-17-O-(3',4',5'-Trimethoxycinnamoyl)vincamajine""]""",:KNApSAcK
5,76520-1,Alstonia coriacea,Alstonia coriacea,76520-1,Species,,"""['(-)-Vincamajine']""",:KNApSAcK
6,76527-1,Alstonia deplanchei,Alstonia deplanchei,76527-1,Species,,"""['(-)-Vincamajine', '(-)-Vincamedine']""",:KNApSAcK
7,76546-1,Alstonia lanceolifera,Alstonia lanceolifera,76546-1,Species,,"""[""(-)-17-O-(3',4',5'-Trimethoxycinnamoyl)vincamajine"", 'Lochnericine']""",:KNApSAcK
8,76548-1,Alstonia legouixiae,Alstonia legouixiae,76548-1,Species,,"""['(-)-Vincamajine']""",:KNApSAcK
9,76549-1,Alstonia lenormandii,Alstonia lenormandii,76549-1,Species,,"""['11-Methoxyakuammicine', 'Lochnericine', 'Akuammiline', 'Picraline']""",:KNApSAcK
10,76556-1,Alstonia macrophylla,Alstonia macrophylla,76556-1,Species,,"""['Affinisine', '(+)-Quebrachidine', '(-)-Vincamajine', 'Talcarpine', 'Alstonisine', '10-Methoxyaffinisine', 'Alstonoxine B', 'Alstonerine', 'Alstophylline', 'N(4)-Methyl-N(4),21-seco-talpinine', '10-O-Methylsarpagine', 'Cathafoline', 'Vincorine', 'Villalstonine', '10-Methoxycathafoline', 'Vincamajine 17-O-veratrate', '19-Hydroxy-19,20-Dihydrovincamajine', '(+)-Alstomacroline', 'Alstomicine', '6-Oxoalstophylline', 'Macrodasine A', 'Macrodasine B', 'Macrocarpine A', 'Macrocarpine B', 'N1-Demethylalstophylline', 'Perhentinine', 'Alstomaline', '10,11-Dimethoxynareline', 'Alstohentine', 'Vincoridine', 'Quaternine', 'Volkensine', ""10,11-Dimethoxy-1-methyldeacetylpicraline-3',4',5'-trimethoxy-benzoate"", '6-Methoxy-4-methylquinoline', 'Alstiphyllanine A', 'Alstiphyllanine B', 'Alstiphyllanine C', 'Alstiphyllanine D']""",:KNApSAcK
11,76557-1,Alstonia mairei,Alstonia mairei,76557-1,Species,,"""['Sarpagine', 'Skimmianine', 'Tetrahydroalstonine']""",:KNApSAcK
12,76562-1,Alstonia muelleriana,Alstonia muelleriana,76562-1,Species,,"""['(+)-Quebrachidine', 'Alstonisine', 'Alstonerine']""",:KNApSAcK
13,76565-1,Alstonia odontophora,Alstonia odontophora,76565-1,Species,,"""['(+)-Quebrachidine', '(-)-Vincamajine']""",:KNApSAcK
14,76580-1,Alstonia quaternata,Alstonia quaternata,76580-1,Species,,"""['(-)-Vincamajine', 'Quaternine', 'Quaternatine']""",:KNApSAcK
15,60445977-2,Alstonia scholaris,Alstonia scholaris,60445977-2,Species,,"""['Stemmadenine', 'Strictosidine', '4,21-Dehydrogeissoschizine', '(E)-Geissoschizine', 'Echitamine', 'Echitamidine', 'Akuammiline', 'Picraline', 'Tetrahydroalstonine', '(-)-Akuammicine:Akuammicine', 'Akuammidine', 'Salutaridine', 'Cantleyine', 'Leuconoxine', 'Hydroxy-19,20-dihydroakuammicine', 'N(4)-Demethylechitamine', 'Picrinine', 'Pseudoakuammigine', 'Tubotaiwine', '(+)-Dicentrine', 'Vallesamine', 'Vallesiachotamine', '(-)-Discretamine', 'Corypalmine', 'Deacetylakuammiline', '6,7-seco-Angustilobine B', 'Manilamine', 'Akuammicine N-oxide', 'Echitamidine N-oxide', 'Echitamidine-N-oxide 19-O-beta-D-glucopyranoside', 'Nb-Demethylalstogustine N-oxide', 'Isogentialutine']""",:KNApSAcK
16,76595-1,Alstonia spatulata,Alstonia spatulata,76595-1,Species,,"""['Echitamine']""",:KNApSAcK
17,76597-1,Alstonia spectabilis,Alstonia spectabilis,76597-1,Species,,"""['(+)-Quebrachidine', '(-)-Vincamajine', 'Echitamine']""",:KNApSAcK
18,76598-1,Alstonia sphaerocapitata,Alstonia sphaerocapitata,76598-1,Species,,"""['(+)-Quebrachidine', '(-)-Vincamedine', '(-)-10-Methoxyvincamedine', '(-)-10-Methoxyvincamedine N-oxide']""",:KNApSAcK
19,76602-1,Alstonia venenata,Alstonia venenata,76602-1,Species,,"""['(+)-Raucaffrinoline', '(-)-Echitoveniline', '(-)-Kopsinine', '19-Epi-(+)-echitoveniline', 'Alstovenine', 'Venenatine', 'Venoxidine']""",:KNApSAcK
20,76604-1,Alstonia vieillardii,Alstonia vieillardii,76604-1,Species,,"""['Vincamajine 17-O-veratrate']""",:KNApSAcK
21,76608-1,Alstonia yunnanensis,Alstonia yunnanensis,76608-1,Species,,"""['Normacusine B', 'Lochnericine', 'Picraline', 'Sarpagine', 'Tetrahydroalstonine', 'Picrinine', 'Pseudoakuammigine', '(+)-Raucaffrinoline', '(-)-Echitoveniline', 'Reserpine', 'Tabersonine', '(+)-Perakine', '(-)-Vinorine', '(-)-Hazuntine', '11-Methoxytabersonine', '19R-Hydroxy-11-methoxy-tabersonine', '19-Epiajmalicine', 'Compactinervine', 'Vellosimine', '19-Acetoxy-11-methoxytabersonine', 'Alstoyunine A', 'Alstoyunine B', 'Alstoyunine C', 'Alstoyunine D', 'Alstoyunine E', 'Alstoyunine F', 'Alstoyunine G', 'Alstoyunine H', 'Echitoserpidine']""",:KNApSAcK
22,76906-1,Amsonia elliptica,Amsonia elliptica,76906-1,Species,,"""['3-Oxotabersonine', 'Tabersonine N-oxide', '(+)-14,15-Dehydro-16-epivincamine']""",:KNApSAcK
23,76931-1,Amsonia tabernaemontana,Amsonia tabernaemontana,76931-1,Species,,"""['Tabersonine', '(-)-Eburnamine', 'Vincadine']""",:KNApSAcK
24,30117279-2,Araujia sericifera,Araujia sericifera,30117279-2,Species,,"""['Rostratamine']""",:KNApSAcK
25,319076-2,Asclepias syriaca,Asclepias syriaca,319076-2,Species,,"""['Nicotine']""",:KNApSAcK
26,77325-1,Aspidosperma album,Aspidosperma album,77325-1,Species,,"""['(+)-Aspidospermidine', '(+)-Fendlerine', 'Alalakine', 'Aspidolimidine', 'Limaspermine', 'N-Acetylaspidospermidine']""",:KNApSAcK
27,290346-2,Aspidosperma carapanauba,Aspidosperma carapanauba,290346-2,Species,,"""['Carapanaubine']""",:KNApSAcK
28,21952-2,Aspidosperma cylindrocarpon,Aspidosperma cylindrocarpon,21952-2,Species,,"""['Cylindrocarpidine']""",:KNApSAcK
29,77354-1,Aspidosperma discolor,Aspidosperma discolor,77354-1,Species,,"""['Isoreserpiline']""",:KNApSAcK
30,77361-1,Aspidosperma eburneum,Aspidosperma eburneum,77361-1,Species,,"""['(-)-Apparicine']""",:KNApSAcK
31,77367-1,Aspidosperma excelsum,Aspidosperma excelsum,77367-1,Species,,"""['N-Acetylaspidospermidine', 'Excelsinine', 'O-Acetylyohimbine']""",:KNApSAcK
32,21994-2,Aspidosperma limae,Aspidosperma limae,21994-2,Species,,"""['Compactinervine', 'Aspidolimidine', 'Limaspermine']""",:KNApSAcK
33,77405-1,Aspidosperma megalocarpon,Aspidosperma megalocarpon,77405-1,Species,,"""['Aspidocarpine']""",:KNApSAcK
34,77410-1,Aspidosperma multiflorum,Aspidosperma multiflorum,77410-1,Species,,"""['(-)-Kopsinine', 'Compactinervine', '(-)-Apparicine']""",:KNApSAcK
35,22012-2,Aspidosperma nigricans,Aspidosperma nigricans,22012-2,Species,,"""['Compactinervine', 'Olivacine']""",:KNApSAcK
36,77418-1,Aspidosperma oblongum,Aspidosperma oblongum,77418-1,Species,,"""['10-Methoxy-17-epi-alloyohimbine', '10-Methoxy-alpha-yohimbine', '10-Methoxy-beta-yohimbine', '17-Epialloyohimbine', '19,20-Dehydro-alpha-yohimbine', '3,4-Dehydro-beta-yohimbine', 'beta-Yohimbine N-oxide']""",:KNApSAcK
37,22020-2,Aspidosperma olivaceum,Aspidosperma olivaceum,22020-2,Species,,"""['Compactinervine', '(-)-Apparicine', 'Olivacine']""",:KNApSAcK
38,77433-1,Aspidosperma polyneuron,Aspidosperma polyneuron,77433-1,Species,,"""['Normacusine B', 'Polyneuridine']""",:KNApSAcK
39,77437-1,Aspidosperma pyrifolium,Aspidosperma pyrifolium,77437-1,Species,,"""['(-)-Aspidospermine']""",:KNApSAcK
40,77440-1,Aspidosperma quebracho-blanco,Aspidosperma quebracho-blanco,77440-1,Species,,"""['(+)-Quebrachidine', '(-)-Aspidospermine', '(-)-Quebrachamine', 'Aspidochibine', '(+)-Eburnamenine', 'Aspidospermatine', 'Rhazidigenine Nb-oxide', 'Rhazidigenine']""",:KNApSAcK
41,77443-1,Aspidosperma ramiflorum,Aspidosperma ramiflorum,77443-1,Species,,"""['beta-Yohimbine', 'Ramiflorine A', 'Ramiflorine B']""",:KNApSAcK
42,22069-2,Aspidosperma spruceanum,Aspidosperma spruceanum,22069-2,Species,,"""['Compactinervine']""",:KNApSAcK
43,77465-1,Aspidosperma subincanum,Aspidosperma subincanum,77465-1,Species,,"""['Ellipticine', '(+/-)-Epiuleine']""",:KNApSAcK
44,77635-1,Callichilia barteri,Callichilia barteri,77635-1,Species,,"""['Callichiline']""",:KNApSAcK
45,77876-1,Catharanthus lanceus,Catharanthus lanceus,77876-1,Species,,"""['Leurosine', 'Cathovaline']""",:KNApSAcK
46,77877-1,Catharanthus longifolius,Catharanthus longifolius,77877-1,Species,,"""['Leurosine', 'Antirhine', 'Vindoline', 'Vindolinine']""",:KNApSAcK
47,77878-1,Catharanthus ovalis,Catharanthus ovalis,77878-1,Species,,"""['Leurosine', 'Cathovaline', 'Vindoline', 'Vindolinine', '(-)-Venalstonidine', '(-)-Venalstonine', '14-Hydroxycathovaline', '19-Epivindolinine', '19R-Hydroxytabersonine', '19S-Hydroxytabersonine', 'Cathovalinine', 'Deacetylcathovaline', 'Kitraline', 'Kitramine', 'Vindorosine']""",:KNApSAcK
48,77879-1,Catharanthus pusillus,Catharanthus pusillus,77879-1,Species,,"""['Lochnericine', 'Leurosine', 'Vindoline', 'Vindorosine']""",:KNApSAcK
49,77882-1,Catharanthus trichophyllus,Catharanthus trichophyllus,77882-1,Species,,"""['Lochnericine', '(-)-Echitoveniline', 'Vindolinine', '19-Epivindolinine', '(+)-Minovincinine', 'Trichophylline']""",:KNApSAcK
50,78180-1,Craspidospermum verticillatum,Craspidospermum verticillatum,78180-1,Species,,"""['(-)-Craspidospermine', '(+)-Andrangine', '14,15-Dehydro-16-epi-vincine']""",:KNApSAcK
51,78181-1,Crioceras dipladeniiflorus,Crioceras dipladeniiflorus,78181-1,Species,,"""['(+)-14,15-Dehydro-16-epivincamine', '(+)-Andrangine', '(-)-Criocerine', '14,15-Dehydro-12-methoxyvincamine']""",:KNApSAcK
52,95951-1,Cryptolepis sanguinolenta,Cryptolepis sanguinolenta,95951-1,Species,,"""['Cryptolepine', '5-Methyl-5H-indolo[2,3-b]quinoline', 'Isocryptolepine', '11-Isopropylcryptolepine', 'Cryptomisrine', 'Biscryptolepine', '11-Hydroxycryptolepine', 'Cryptoheptine', 'Cryptospirolepine']""",:KNApSAcK
53,96460-1,Cynanchum otophyllum,Cynanchum otophyllum,96460-1,Species,,"""['Rostratamine']""",:KNApSAcK
54,96692-1,Cynanchum wallichii,Cynanchum wallichii,96692-1,Species,,"""['Rostratamine']""",:KNApSAcK
55,78310-1,Diplorhynchus condylocarpon,Diplorhynchus condylocarpon,78310-1,Species,,"""['Normacusine B', 'Norfluorocurarine', 'Condylocarpine', 'Stemmadenine']""",:KNApSAcK
56,78323-1,Dyera costulata,Dyera costulata,78323-1,Species,,"""['Ochrolifuanine A']""",:KNApSAcK
57,79099-1,Funtumia elastica,Funtumia elastica,79099-1,Species,,"""['Funtumine', 'Irehine']""",:KNApSAcK
58,108063-2,Geissospermum argenteum,Geissospermum argenteum,108063-2,Species,,"""['N-Acetylaspidospermidine', 'Aspidocarpine', '(-)-Aspidospermine']""",:KNApSAcK
59,1006780-1,Geissospermum sericeum,Geissospermum sericeum,1006780-1,Species,,"""['Geissoschizoline', 'Geissospermine', 'Flavopereirine', 'Geissoschizoline N4-oxide']""",:KNApSAcK
60,79133-1,Gonioma kamassi,Gonioma kamassi,79133-1,Species,,"""['Rhazidine']""",:KNApSAcK
61,79134-1,Gonioma malagasy,Gonioma malagasy,79134-1,Species,,"""['Goniomitine']""",:KNApSAcK
62,79244-1,Haplophyton cimicidum,Haplophyton cimicidum,79244-1,Species,,"""['(-)-Eburnamine', 'Cimicidine', 'Cimicine', 'Haplocidine', '(-)-O-Methyleburnamine', '(+)-Isoeburnamine', 'Haplophytine']""",:KNApSAcK
63,117868-2,Haplophyton crooksii,Haplophyton crooksii,117868-2,Species,,"""['Akuammidine', 'Tubotaiwine', 'beta-Yohimbine', 'Cimicidine', 'Cimicine', 'Haplophytine', 'Yohimbine', 'Crooksidine', '10-Methoxy-Na-methylpericyclivine', '16-Decarbomethoxyvinervinine', '19alpha,20alpha-Epoxyakuammicine', 'Crooksiine', 'Lanceomigine']""",:KNApSAcK
64,98277-1,Heterostemma brownii,Heterostemma brownii,98277-1,Species,,"""['Heteromine D', 'Heteromine E', 'Heteromine F', 'Heteromine G', 'Heteromine H']""",:KNApSAcK
65,79294-1,Holarrhena congolensis,Holarrhena congolensis,79294-1,Species,,"""['Funtumine', 'Conessine', 'Kisantamine']""",:KNApSAcK
66,79297-1,Holarrhena curtisii,Holarrhena curtisii,79297-1,Species,,"""['Holacurtine', '15alpha-Hydroxyholamine', '17-epi-holacurtine', 'Holamine', 'N-Demethylholacurtine']""",:KNApSAcK
67,79302-1,Holarrhena floribunda,Holarrhena floribunda,79302-1,Species,,"""['Conessine', 'Holamine', 'Holadienine', 'Holaline', 'Holaphyllidine', 'Holaromine', 'Holarrheline', 'Holarrhesine']""",:KNApSAcK
68,79311-1,Holarrhena mitis,Holarrhena mitis,79311-1,Species,,"""['Mitiphylline', 'N-Demethylmitiphylline']""",:KNApSAcK
69,79318-1,Holarrhena pubescens,Holarrhena pubescens,79318-1,Species,,"""['Conessine', 'Kurchessine', 'Isoconessimine']""",:KNApSAcK
70,79342-1,Hunteria congolana,Hunteria congolana,79342-1,Species,,"""['(-)-Eburnamine', '(+)-Eburnamenine', '(-)-Vincadifformine', '(+)-Isoeburnamine', '(-)-Umbellamine']""",:KNApSAcK
71,79368-1,Hunteria umbellata,Hunteria umbellata,79368-1,Species,,"""['(-)-Umbellamine']""",:KNApSAcK
72,79369-1,Hunteria zeylanica,Hunteria zeylanica,79369-1,Species,,"""['(-)-Kopsinine', '(-)-Eburnamine', '(+)-Eburnamenine', 'Perivine', '(-)-O-Methyleburnamine', '(+)-Isoeburnamine', 'Vobasine', 'Tuboxenine', '(-)-Norpleiomutine', 'Bisnicalaterine A']""",:KNApSAcK
73,79454-1,Kibatalia gitingensis,Kibatalia gitingensis,79454-1,Species,,"""['Gitingensine', 'Lanitine']""",:KNApSAcK
74,79490-1,Kopsia arborea,Kopsia arborea,79490-1,Species,,"""['Mersicarpine', 'Prunifoline D', 'Prunifoline F', '19(R)-Methoxytubotaiwine', '19(S)-Methoxytubotaiwine', 'Arboflorine', 'Arboloscine', 'Arbophylline', 'Arboricine', 'Arboricinine', 'Kopsamidine A', 'Kopsamidine B', 'Kopsinidine A', 'Kopsinidine B', 'Paucidactine C', 'Pericine N-oxide', 'Rhazinaline', 'Valparicine', 'Kopsiyunnanine C1', 'Kopsiyunnanine C2', 'Kopsiyunnanine C3', 'Kopsiyunnanine D']""",:KNApSAcK
75,79494-1,Kopsia dasyrachis,Kopsia dasyrachis,79494-1,Species,,"""['Tetrahydroalstonine', 'Leuconoxine', '(-)-Kopsinine', 'Pleiocarpamine', '(+)-Isoeburnamine', '(-)-Norpleiomutine', 'Rhazinaline', 'Kopsirachine', 'Kopsamine', 'Kopsidasine', 'Kopsidasine N-oxide', 'Kopsidasinine', 'Paucidactine B', 'Pleiocarpine', '(+)-Eburnamonine', 'Kopsilongine', '(-)-Demethylnorpleiomutine', '11,12-Methylenedioxykopsine', '11-Methoxykopsilongine N(4)-oxide', '12-Methoxypleiocarpine', 'Danuphylline', 'Dasyrachine', 'Decarbomethoxykopsifine', 'Kinabalurine G', 'Kopsifine', 'Kopsiflorine', 'Kopsiflorine N(4)-oxide', 'Kopsinarine', 'Kopsine']""",:KNApSAcK
76,929492-1,Kopsia deverrei,Kopsia deverrei,929492-1,Species,,"""['Kopsamine', '16-Epideacetylakuammiline']""",:KNApSAcK
77,79497-1,Kopsia fruticosa,Kopsia fruticosa,79497-1,Species,,"""['(-)-Kopsinine', 'Pleiocarpamine', 'Mersicarpine', 'Kopsamine', 'Kopsine', 'Fruticosine', 'Kopsifoline A', 'Kopsifoline B', 'Kopsifoline C', 'Kopsifoline D', 'Kopsifoline E', 'Kopsifoline F', 'Kopsorinine', 'Lonicerine']""",:KNApSAcK
78,79499-1,Kopsia griffithii,Kopsia griffithii,79499-1,Species,,"""['Tetrahydroalstonine', 'Leuconoxine', '(-)-Kopsinine', 'Kopsamine', 'Pleiocarpine', '(+)-Eburnamonine', 'Kopsilongine', '12-Methoxypleiocarpine', '16-Epideacetylakuammiline', '(+)-Harmicine', '12-Methoxy-10-demethoxy-kopsidasinine', '16-epi-Deacetylakuammiline N(4)-oxide', 'Akuammiline N(4)-oxide']""",:KNApSAcK
79,79500-1,Kopsia hainanensis,Kopsia hainanensis,79500-1,Species,,"""['(-)-Kopsinine', '(+)-Eburnamenine', 'Kopsinoline', '(+)-Kopsoffine']""",:KNApSAcK
80,79507-1,Kopsia lapidilecta,Kopsia lapidilecta,79507-1,Species,,"""['(-)-Venalstonine', '(-)-Lapidilectine A', '(+)-Lapidilectine B']""",:KNApSAcK
81,60436658-2,Kopsia larutensis,Kopsia larutensis,60436658-2,Species,,"""['(-)-Kopsinine']""",:KNApSAcK
82,79511-1,Kopsia macrophylla,Kopsia macrophylla,79511-1,Species,,"""['Akuammiline', 'Deacetylakuammiline', '(-)-Norpleiomutine', '(+)-Kopsoffine', 'Dregamine', 'Tabernaemontanine']""",:KNApSAcK
83,79516-1,Kopsia pauciflora,Kopsia pauciflora,79516-1,Species,,"""['(-)-Kopsinine', '(-)-Eburnamine', 'Kopsamine', 'Paucidactine B', '(+)-Eburnamonine', 'Kopsilongine', '12-Methoxy-10-demethoxy-kopsidasinine', '(-)-11,12-Dimethoxy-N-methoxycarbonyl-kopsinaline', 'Kopsamine N-oxide', 'Paucidactine A', 'Pauciflorine A', 'Pauciflorine B', '(+)-19-Oxoeburnamine', 'Kinabalurine A', 'Kinabalurine B', 'Kinabalurine C', 'Kinabalurine D', 'Kinabalurine E', 'Kinabalurine F']""",:KNApSAcK
84,79524-1,Kopsia singapurensis,Kopsia singapurensis,79524-1,Species,,"""['Mersicarpine', 'Rhazinaline', '11,12-(Methylenedioxy)kopsaporine', 'Kopsingine', 'Singapurensine A', 'Singapurensine B', 'Singapurensine C', 'Singapurensine D', '16-Epikopsinine', 'Aspidophylline A', 'Kopsilongine-N-oxide', 'Kopsiloscine A', 'Kopsiloscine B', 'Kopsiloscine C', 'Kopsiloscine D', 'Kopsiloscine E', 'Kopsiloscine H', 'Kopsiloscine I', 'Kopsiloscine J', 'Kopsimaline A', 'Kopsimaline B', 'Kopsimaline C', 'Kopsimaline D', 'Kopsimaline E', 'Kopsinicine', 'Vincophylline']""",:KNApSAcK
85,79526-1,Kopsia tenuis,Kopsia tenuis,79526-1,Species,,"""['Lundurine A', 'Lundurine B', 'Lundurine C', 'Tenuisine A', 'Tenuisine B', 'Tenuisine C']""",:KNApSAcK
86,972022-1,Kopsia teoi,Kopsia teoi,972022-1,Species,,"""['Akuammiline', 'Deacetylakuammiline', '11,12-(Methylenedioxy)kopsaporine', 'Kopsingine', 'Kopsaporine', 'Kopsidine A', 'Kopsidine B', 'Kopsidine C', 'Kopsinginine', 'Kopsinitarine A', 'Kopsinitarine B', 'Kopsinitarine C', 'Kopsinitarine D', 'Mersingine A', 'Mersingine B']""",:KNApSAcK
87,79773-1,Leuconotis griffithii,Leuconotis griffithii,79773-1,Species,,"""['(-)-Eburnamine', '(-)-O-Methyleburnamine', '(+)-O-methylisoeburnamine']""",:KNApSAcK
88,99275-1,Marsdenia rostrata,Marsdenia rostrata,99275-1,Species,,"""['Rostratamine']""",:KNApSAcK
89,80160-1,Melodinus aeneus,Melodinus aeneus,80160-1,Species,,"""['Lochnericine', '(-)-Hazuntine', '11-Methoxytabersonine', '(+)-14,15-Dehydro-16-epivincamine', '14,15-Dehydro-16-epi-vincine']""",:KNApSAcK
90,80169-1,Melodinus balansae,Melodinus balansae,80169-1,Species,,"""['(-)-Venalstonidine', '(-)-Venalstonine', '(+)-Ajmaline', 'Paucivenine']""",:KNApSAcK
91,80201-1,Melodinus fusiformis,Melodinus fusiformis,80201-1,Species,,"""['(-)-Kopsinine', '11-Methoxytabersonine', 'Vindoline', '(-)-Venalstonine', '11-Hydroxytabersonine', '(+)-Scandine', '10-Hydroxyscandine', '11,19R-Dihydroxytabersonine', '11-Hydroxy-14,15-epoxytabersonine', 'Scandine N-oxide']""",:KNApSAcK
92,80249-1,Melodinus reticulatus,Melodinus reticulatus,80249-1,Species,,"""['(-)-Kopsinine', '11-Methoxytabersonine', '(-)-Venalstonidine', '(-)-Venalstonine', '19beta-Hydroxyvenalstonidine', '19beta-Hydroxyvenalstonine', '3-Oxovenalstonidine']""",:KNApSAcK
93,80253-1,Melodinus scandens,Melodinus scandens,80253-1,Species,,"""['Lochnericine', '3-Oxotabersonine', '(+)-14,15-Dehydro-16-epivincamine', '(-)-Venalstonidine', '(-)-Venalstonine', '19R-Hydroxytabersonine', '(-)-Vincadifformine', '(+)-Scandine', '19S-Acetoxy-3-oxotabersonine', '19S-Acetoxytabersonine', 'Meloscandonine', 'Meloscine']""",:KNApSAcK
94,80259-1,Melodinus tenuicaudatus,Melodinus tenuicaudatus,80259-1,Species,,"""['(-)-Hazuntine', '11-Methoxytabersonine', 'Vindolinine', '11-Hydroxytabersonine', '19-Epivindolinine N-oxide', 'Vindolinine N-oxide', '(+)-Scandine', '10-Hydroxyscandine', '(+)-Tenuicausine']""",:KNApSAcK
95,80344-1,Microplumeria anomala,Microplumeria anomala,80344-1,Species,,"""['12-O-Methylanomaline', 'Demethoxyanomaline']""",:KNApSAcK
96,80487-1,Ochrosia acuminata,Ochrosia acuminata,80487-1,Species,,"""['(+)-Quebrachidine', 'Isoreserpiline', 'Ellipticine', 'Reserpiline', 'Polyneuridine-N-oxide', '9-Methoxyellipticine', 'Voachalotine']""",:KNApSAcK
97,80500-1,Ochrosia elliptica,Ochrosia elliptica,80500-1,Species,,"""['Norfluorocurarine', 'Tetrahydroalstonine', '(-)-Apparicine', 'Ellipticine', 'Pleiocarpamine']""",:KNApSAcK
98,80519-1,Ochrosia lifuana,Ochrosia lifuana,80519-1,Species,,"""['Ochrolifuanine A']""",:KNApSAcK
99,80524-1,Ochrosia miana,Ochrosia miana,80524-1,Species,,"""['Ochrolifuanine A']""",:KNApSAcK
100,80527-1,Ochrosia moorei,Ochrosia moorei,80527-1,Species,,"""['(-)-Apparicine', 'Ellipticine', '9-Methoxyellipticine', 'Desoxycordifoline', 'Ochrosamine A', 'Ochrosamine B']""",:KNApSAcK
101,80538-1,Ochrosia poweri,Ochrosia poweri,80538-1,Species,,"""['Reserpiline', 'Poweridine', 'Powerine']""",:KNApSAcK
102,80868-1,Parsonsia alboflavescens,Parsonsia alboflavescens,80868-1,Species,,"""['Homospermidine']""",:KNApSAcK
103,80910-1,Parsonsia eucalyptophylla,Parsonsia eucalyptophylla,80910-1,Species,,"""['Lycopsamine']""",:KNApSAcK
104,80926-1,Parsonsia heterophylla,Parsonsia heterophylla,80926-1,Species,,"""['Parsonsine']""",:KNApSAcK
105,50061-3,Parsonsia straminea,Parsonsia straminea,50061-3,Species,,"""['Lycopsamine']""",:KNApSAcK
106,81104-1,Petchia ceylanica,Petchia ceylanica,81104-1,Species,,"""['Lochnericine', '19R-Hydroxypachysiphine', 'Petchicine']""",:KNApSAcK
107,81143-1,Pleiocarpa mutica,Pleiocarpa mutica,81143-1,Species,,"""['(-)-Kopsinine', '(+)-Eburnamenine', 'Pleiocarpamine', 'Pleiocarpine', 'Kopsinoline', '(-)-Pleiomutine']""",:KNApSAcK
108,81144-1,Pleiocarpa pycnantha,Pleiocarpa pycnantha,81144-1,Species,,"""['(-)-Eburnamine']""",:KNApSAcK
109,81326-1,Prestonia amazonica,Prestonia amazonica,81326-1,Species,,"""['N,N-Dimethyltryptamine']""",:KNApSAcK
110,81511-1,Rauvolfia bahiensis,Rauvolfia bahiensis,81511-1,Species,,"""['Normacusine B', '10-O-Methylsarpagine', 'Picrinine', '(+)-Raucaffrinoline', '(-)-Vinorine', '(+)-Purpeline', '(+/-)-Norpurpeline', '(+)-Seredamine', '(+)-12-methoxyaffinisine', '12-Methoxy-Na-methylvellosimine', '12-Methoxy-vellosimine', 'Demethoxypurpeline']""",:KNApSAcK
111,909641-1,Rauvolfia balansae,Rauvolfia balansae,909641-1,Species,,"""['(+)-Raucaffrinoline', '(+)-Perakine', '(-)-Vinorine', '(+)-Ajmaline', '19,20-Dihydrovomilenine', 'Vomilenine']""",:KNApSAcK
112,81513-1,Rauvolfia biauriculata,Rauvolfia biauriculata,81513-1,Species,,"""['(+)-Perakine', '(+)-Ajmaline', 'Vomilenine']""",:KNApSAcK
113,81519-1,Rauvolfia caffra,Rauvolfia caffra,81519-1,Species,,"""['Sarpagine', '(+)-Raucaffrinoline', '(+)-Perakine', '(-)-Vinorine', '(+)-Ajmaline', 'Vomilenine', '17,21-O,O-Diacetylajmaline', '17-O-Acetylajmaline', 'Raucaffricine', 'Raucaffriline']""",:KNApSAcK
114,81520-1,Rauvolfia cambodiana,Rauvolfia cambodiana,81520-1,Species,,"""['(+)-Ajmaline']""",:KNApSAcK
115,81531-1,Rauvolfia cubana,Rauvolfia cubana,81531-1,Species,,"""['(+)-Ajmaline', 'Deserpidine', '(+)-Sandwicine']""",:KNApSAcK
116,81545-1,Rauvolfia grandiflora,Rauvolfia grandiflora,81545-1,Species,,"""['Darcyribeirine']""",:KNApSAcK
117,81565-1,Rauvolfia ligustrina,Rauvolfia ligustrina,81565-1,Species,,"""['(+)-Ajmaline']""",:KNApSAcK
118,217921-2,Rauvolfia littoralis,Rauvolfia littoralis,217921-2,Species,,"""['(+)-Ajmaline', 'Deserpidine']""",:KNApSAcK
119,81579-1,Rauvolfia mannii,Rauvolfia mannii,81579-1,Species,,"""['(-)-Vincamajine', 'Raucaffricine']""",:KNApSAcK
120,81583-1,Rauvolfia media,Rauvolfia media,81583-1,Species,,"""['(+)-Mauiensine', '(+)-12-Hydroxymauiensine']""",:KNApSAcK
121,81591-1,Rauvolfia mombasiana,Rauvolfia mombasiana,81591-1,Species,,"""['(+)-Ajmaline', '(+)-Purpeline', '(+/-)-Norpurpeline', 'Endolobine', 'Nortetraphyllicine', '(+)-Vomalidine']""",:KNApSAcK
122,81598-1,Rauvolfia nitida,Rauvolfia nitida,81598-1,Species,,"""['(+)-Raucaffrinoline', 'Yohimbine', '(+)-Ajmaline', 'Reserpiline', 'Nortetraphyllicine', 'Rescinnamine', '(+)-Norajmaline', '(+)-17-O-Acetylnortetraphyllicine', 'Rauniticine']""",:KNApSAcK
123,81642-1,Rauvolfia sandwicensis,Rauvolfia sandwicensis,81642-1,Species,,"""['(+)-Sandwicine']""",:KNApSAcK
124,328979-2,Rauvolfia sellowii,Rauvolfia sellowii,328979-2,Species,,"""['(+)-Raucaffrinoline', '(+)-Perakine', '(+)-Ajmaline', 'Vomilenine']""",:KNApSAcK
125,81646-1,Rauvolfia semperflorens,Rauvolfia semperflorens,81646-1,Species,,"""['(+)-Raucaffrinoline', '(-)-Vinorine', '(+)-Sandwicine', '(+)-Mauiensine', 'Nortetraphyllicine', '(+)-Isoajmaline', '(+)-Isosandwicine']""",:KNApSAcK
126,81648-1,Rauvolfia serpentina,Rauvolfia serpentina,81648-1,Species,,"""['Strictosidine', '4,21-Dehydrogeissoschizine', 'Sarpagine', 'Tetrahydroalstonine', '(+)-Raucaffrinoline', 'Reserpine', '(+)-Perakine', '(-)-Vinorine', 'Vellosimine', 'Ajmalicine', 'Serpentine', 'Cathenamine', 'Yohimbine', '(+)-Ajmaline', 'Reserpiline', 'Vomilenine', '17-O-Acetylajmaline', 'Raucaffricine', 'Rescinnamine', '(+)-Isoajmaline', 'Papaverine', 'Ajmalimine', '(+)-Sandwicolidine', 'Ajmalinimine', 'Rescinnamidine', '3,4,5,6-Tetradehydroyohimbine', '12-Hydroxyajmaline', 'Acetylnorajmaline', '16-Epivellosimine', 'Polyneuridine aldehyde', 'Norajamaline']""",:KNApSAcK
127,81499-1,Rauvolfia sevenetii,Rauvolfia sevenetii,81499-1,Species,,"""['(+)-Raucaffrinoline', '(-)-Vinorine', '(+)-Ajmaline', '19,20-Dihydrovomilenine', 'Vomilenine']""",:KNApSAcK
128,81500-1,Rauvolfia spathulata,Rauvolfia spathulata,81500-1,Species,,"""['(+)-Raucaffrinoline', '(-)-Vinorine', '(+)-Ajmaline', '19,20-Dihydrovomilenine', 'Vomilenine']""",:KNApSAcK
129,81652-1,Rauvolfia sprucei,Rauvolfia sprucei,81652-1,Species,,"""['(+)-Perakine']""",:KNApSAcK
130,81660-1,Rauvolfia sumatrana,Rauvolfia sumatrana,81660-1,Species,,"""['(+)-Perakine', '(+)-Norseredamine', '(-)-Flexicorine']""",:KNApSAcK
131,81663-1,Rauvolfia tetraphylla,Rauvolfia tetraphylla,81663-1,Species,,"""['(+)-Ajmaline']""",:KNApSAcK
132,81667-1,Rauvolfia verticillata,Rauvolfia verticillata,81667-1,Species,,"""['Reserpine', 'Vellosimine', '(+)-Ajmaline', 'Raucaffricine', 'Macrospegatrine', '7-Hydroxynoracronycine']""",:KNApSAcK
133,81670-1,Rauvolfia viridis,Rauvolfia viridis,81670-1,Species,,"""['(+)-Quebrachidine', '(+)-Ajmaline']""",:KNApSAcK
134,81672-1,Rauvolfia volkensii,Rauvolfia volkensii,81672-1,Species,,"""['(+)-Raucaffrinoline', '(+)-Perakine', '(+)-Ajmaline', '17-O-Acetylajmaline', 'Nortetraphyllicine', '17-O-Acetyltetraphyllicine']""",:KNApSAcK
135,81673-1,Rauvolfia vomitoria,Rauvolfia vomitoria,81673-1,Species,,"""['(+)-Quebrachidine', 'Alstonine', 'Quaternine', 'Sarpagine', 'Tetrahydroalstonine', '(+)-Raucaffrinoline', 'Reserpine', '(+)-Perakine', 'Yohimbine', '(+)-Ajmaline', '(+)-Purpeline', '(+/-)-Norpurpeline', '(+)-Seredamine', 'Vomilenine', '17-O-Acetylajmaline', '(+)-Sandwicine', 'Endolobine', 'Nortetraphyllicine', '(+)-Vomalidine', 'Rescinnamine', '(+)-Norajmaline', '(+)-Isoajmaline', '(+)-Isosandwicine', 'Ajmalimine', '(+)-Norseredamine', '(+)-Mitoridine', 'Vincamajoreine', '10-Hydroxynortetraphyllicine', 'Norrauvomitine', '(-)-Rauvomitine']""",:KNApSAcK
136,81712-1,Rhazya stricta,Rhazya stricta,81712-1,Species,,"""['Strictamine', 'Strictosidine', 'Akuammidine', 'Deacetylakuammiline', '(-)-Quebrachamine', '(+)-Eburnamenine', 'Antirhine', 'Rhazidine', 'Rhazinaline', '(+)-Vincadifformine', '5alpha-Carboxystrictosidine']""",:KNApSAcK
137,81785-1,Skytanthus acutus,Skytanthus acutus,81785-1,Species,,"""['beta-Skytanthine']""",:KNApSAcK
138,101613-1,Stapelia hirsuta,Stapelia hirsuta,101613-1,Species,,"""['Hordenine', 'Tyramine']""",:KNApSAcK
139,81849-1,Strempeliopsis strempelioides,Strempeliopsis strempelioides,81849-1,Species,,"""['Condylocarpine', 'Stemmadenine', 'Strictosidine', '4,21-Dehydrogeissoschizine', '(E)-Geissoschizine', '(-)-Aspidospermine', 'Pleiocarpamine', '(+)-Eburnamonine', 'Aspidosine', 'Vallesine', '(-)-Strempeliopine', '(-)-Vallesamidine', '(+)-Strempeliopidine']""",:KNApSAcK
140,81996-1,Tabernaemontana amygdalifolia,Tabernaemontana amygdalifolia,81996-1,Species,,"""['Cylindrocarpidine', 'Homocylindrocarpidine', 'O-Demethylpalosine']""",:KNApSAcK
141,82007-1,Tabernaemontana apoda,Tabernaemontana apoda,82007-1,Species,,"""['Voacangine', 'Apodine', 'Apodinine', 'Heyneanine', 'Voacangine hydroxyindolenine', 'Voacangine pseudoindoxyl', 'Voacristine', 'Voacristine hydroxyindolenine', 'Montanine', 'Ibogaine hydroxyindolenine', 'Isovoacangine']""",:KNApSAcK
142,248839-2,Tabernaemontana arborea,Tabernaemontana arborea,248839-2,Species,,"""['Voacangine', 'Isovoacangine', 'Voacamine', '19-Epivoacorine']""",:KNApSAcK
143,248841-2,Tabernaemontana attenuata,Tabernaemontana attenuata,248841-2,Species,,"""['Tubotaiwine', 'Voacangine', 'Heyneanine', 'Isovoacangine', 'Coronaridine hydroxyindolenine', '10-Hydroxyheyneanine', '11-Hydroxycoronaridine', '11-Hydroxyheyneanine', '19-Epiheyneanine', 'Conopharyngine', 'Conopharyngine hydroxyindolenine', 'Ibophyllidine']""",:KNApSAcK
144,82013-1,Tabernaemontana aurantiaca,Tabernaemontana aurantiaca,82013-1,Species,,"""['Voacangine', 'Voacangine pseudoindoxyl']""",:KNApSAcK
145,82026-1,Tabernaemontana bovina,Tabernaemontana bovina,82026-1,Species,,"""['Ibogaine', 'Ibogaline', 'Isovoacristine', '(-)-Mehranine', 'Tabernaebovine', '20-Hydroxyconopharyngine', '3-Oxomehranine', 'Hecubine', 'Pedunculine']""",:KNApSAcK
146,82027-1,Tabernaemontana brachyantha,Tabernaemontana brachyantha,82027-1,Species,,"""['Normacusine B', 'Voacorine']""",:KNApSAcK
147,82034-1,Tabernaemontana bufalina,Tabernaemontana bufalina,82034-1,Species,,"""['Perivine', 'Heyneanine', 'Coronaridine hydroxyindolenine', '10-Hydroxyheyneanine', '3-Oxocoronaridine', 'Ervahanine A', 'Ervahanine B', 'Ervahanine C']""",:KNApSAcK
148,82035-1,Tabernaemontana calcarea,Tabernaemontana calcarea,82035-1,Species,,"""['(-)-Apparicine', '(-)-Coronaridine', 'Ibogamine', 'Voacangine', 'Dregamine', 'Heyneanine', 'Voacristine', 'Isovoacangine', '11-Hydroxycoronaridine', 'Isovoacristine', '20-Epipandoline', 'Pandine', 'Pandoline', '(20R)-Pseudovincadifformine', '19-Epivoacristine', 'Silicine', '19-epi-Heyneanine']""",:KNApSAcK
149,907601-1,Tabernaemontana capuronii,Tabernaemontana capuronii,907601-1,Species,,"""['14,15-Anhydrocapuronidine', 'Capuronidine', 'Capuronine', 'Capuvosine']""",:KNApSAcK
150,82043-1,Tabernaemontana catharinensis,Tabernaemontana catharinensis,82043-1,Species,,"""['(-)-Coronaridine', 'Voacangine', 'Heyneanine']""",:KNApSAcK
151,82046-1,Tabernaemontana cerifera,Tabernaemontana cerifera,82046-1,Species,,"""['(-)-Apparicine', 'Voacangine', 'Voacangine hydroxyindolenine']""",:KNApSAcK
152,82055-1,Tabernaemontana citrifolia,Tabernaemontana citrifolia,82055-1,Species,,"""['Lochnericine', 'Vallesamine', '(-)-Apparicine', 'Voacangine', 'Voacangine hydroxyindolenine', 'Voacristine', '20-Epipandoline', 'Pandine', 'Pandoline', '3-Oxovoacangine']""",:KNApSAcK
153,82059-1,Tabernaemontana coffeoides,Tabernaemontana coffeoides,82059-1,Species,,"""['Normacusine B', 'Stemmadenine', 'Lochnericine', 'Vallesamine', '(-)-Hazuntine', '3-Oxotabersonine', 'Isoreserpiline', '(-)-Apparicine', 'Polyneuridine', 'Voacangine', 'Pericyclivine', 'Dregamine', 'Tabernaemontanine', 'Reserpiline', 'Heyneanine', 'Isovoacangine', '19-Epiheyneanine', 'Silicine', '14,15-Dihydroxyvincadifformine', 'Voaphylline', 'Voacarpine', '(19R)-19-Hydroxytabernaelegantine A', ""(20'S)-19',20'-Dihydrotabernamine"", '20-Episilicine', '3,14-Dihydroellipticine', '6-Oxo-16-episilicine', '6-Oxomethuenine', '6-Oxosilicine', 'Hazuntinine', 'Isomethuenine', 'Methuenine', 'Tabernaelegantine A', '(+)-Tetraphyllicine', 'Vincanidine']""",:KNApSAcK
154,82065-1,Tabernaemontana contorta,Tabernaemontana contorta,82065-1,Species,,"""['Voacangine', 'Voacristine', 'Conopharyngine']""",:KNApSAcK
155,60466167-2,Tabernaemontana corymbosa,Tabernaemontana corymbosa,60466167-2,Species,,"""['Ervahanine A', 'Jerantinine A', 'Jerantinine B', 'Jerantinine C', 'Jerantinine D', 'Jerantinine E', 'Jerantinine F', 'Jerantinine G', '19(S)-Hydroxyibogamine', '19-epi-Isovoacristine', 'Isovoacryptine', 'Jerantinine H', 'Jerantiphylline A', 'Jerantiphylline B']""",:KNApSAcK
156,82072-1,Tabernaemontana crassa,Tabernaemontana crassa,82072-1,Species,,"""['Akuammiline', 'Perivine', 'Heyneanine', 'Voacristine', 'Isovoacangine', 'Conopharyngine', 'Conopharyngine hydroxyindolenine', 'Ibogaine', '3-Oxocoronaridine', '19-Hydroxyconopharyngine', '5-Oxocoronaridine', 'Conoduramine', 'Crassanine']""",:KNApSAcK
157,913394-1,Tabernaemontana debrayi,Tabernaemontana debrayi,913394-1,Species,,"""['Dregamine', 'Pandine', 'Pandoline']""",:KNApSAcK
158,60466169-2,Tabernaemontana dichotoma,Tabernaemontana dichotoma,60466169-2,Species,,"""['Stemmadenine', 'Vallesamine', '(-)-Apparicine', 'Voacangine', 'Perivine', 'Vobasine', 'Heyneanine', 'Voacristine hydroxyindolenine', '19-Epiheyneanine', '19-Epivoacristine', 'Voaphylline', 'Isomethuenine', '12-Methoxyvoaphylline', 'Voaphylline hydroxyindolenine', 'Dichomine', '19-Epiiboxygaine', 'O-Acetylvallesamine']""",:KNApSAcK
159,82097-1,Tabernaemontana divaricata,Tabernaemontana divaricata,82097-1,Species,,"""['Lochnericine', '(-)-Apparicine', 'Voacangine', 'Dregamine', 'Tabernaemontanine', 'Voacristine', 'Isovoacangine', 'Coronaridine hydroxyindolenine', 'Isovoacristine', '3-Oxocoronaridine', 'Voaphylline', '5-Oxocoronaridine', 'Voaphylline hydroxyindolenine', 'Pachysiphine', 'Voaharine', '5-Hydroxy-6-oxocoronaridine', '6-Oxocoronaridine', 'Voafinine']""",:KNApSAcK
160,82107-1,Tabernaemontana eglandulosa,Tabernaemontana eglandulosa,82107-1,Species,,"""['Norfluorocurarine', 'Voacangine pseudoindoxyl', 'Voacristine', 'Isovoacangine', '11-Hydroxycoronaridine', 'Conopharyngine', 'Dichomine', '(16R)-Descarbomethoxytacamine', '(16S)-Descarbomethoxytacamine', '(19S)-Hydroxytacamine', '16,17-Anhydrotacamine', '16-Epitacamine', 'Tacamine', 'Tacamonine', '(+)-20R-Pseudovincadifformine', '20S-Pseudovincadifformine', '(20R)-15,20-Dihydrocleavamine', '(20S)-Hydroxy-1,2-dehydropseudoaspidospermidine', '(20S)-15,20-Dihydrocleavamine', '17-Hydroxytacamonine', '3-Hydroxycoronaridine']""",:KNApSAcK
161,82109-1,Tabernaemontana elegans,Tabernaemontana elegans,82109-1,Species,,"""['Tubotaiwine', '(-)-Apparicine', 'Vobasine', 'Dregamine', 'Isovoacangine', 'Tabernaelegantine A', 'Tabernine A', 'Tabernine B', 'Tabernine C']""",:KNApSAcK
162,82121-1,Tabernaemontana flavicans,Tabernaemontana flavicans,82121-1,Species,,"""['Ibophyllidine N-oxide']""",:KNApSAcK
163,82129-1,Tabernaemontana glandulosa,Tabernaemontana glandulosa,82129-1,Species,,"""['12-Demethoxytabernulosine']""",:KNApSAcK
164,82154-1,Tabernaemontana humblotii,Tabernaemontana humblotii,82154-1,Species,,"""['Tubotaiwine', '(+)-14,15-Dehydro-16-epivincamine', '(-)-Apparicine', 'Voacangine', 'Voacristine', 'Ibogaline', '19-Epiiboxygaine', 'Iboluteine']""",:KNApSAcK
165,82175-1,Tabernaemontana laeta,Tabernaemontana laeta,82175-1,Species,,"""['Normacusine B']""",:KNApSAcK
166,285810-2,Tabernaemontana litoralis,Tabernaemontana litoralis,285810-2,Species,,"""['Strictosidine', 'Tabersonine', '(-)-Coronaridine', 'Heyneanine']""",:KNApSAcK
167,248876-2,Tabernaemontana longipes,Tabernaemontana longipes,248876-2,Species,,"""['Voacangine']""",:KNApSAcK
168,82203-1,Tabernaemontana macrocarpa,Tabernaemontana macrocarpa,82203-1,Species,,"""['Voacangine', 'Voacangine hydroxyindolenine', 'Voaphylline']""",:KNApSAcK
169,288916-2,Tabernaemontana markgrafiana,Tabernaemontana markgrafiana,288916-2,Species,,"""['(-)-Coronaridine', 'Ibogamine', 'Voacangine']""",:KNApSAcK
170,82224-1,Tabernaemontana mocquerysi,Tabernaemontana mocquerysi,82224-1,Species,,"""['Tubotaiwine', 'Voacangine', 'Heyneanine', 'Voacristine', '19-Epiheyneanine', '19-Epivoacristine', 'Methuenine', '(20R)-15,20-Dihydrocleavamine', '(20S)-15,20-Dihydrocleavamine', 'Ervitsine']""",:KNApSAcK
171,20010230-1,Tabernaemontana odoratissima,Tabernaemontana odoratissima,20010230-1,Species,,"""['Vobasine', 'Gabunine']""",:KNApSAcK
172,248887-2,Tabernaemontana oppositifolia,Tabernaemontana oppositifolia,248887-2,Species,,"""['(-)-Coronaridine', 'Voacamine']""",:KNApSAcK
173,82263-1,Tabernaemontana pachysiphon,Tabernaemontana pachysiphon,82263-1,Species,,"""['Normacusine B', '16R,19E-Isositsirikine', 'Lochnericine', 'Tubotaiwine', '(-)-Apparicine', 'Voacangine', 'Pericyclivine', 'Perivine', 'Isovoacangine', 'Voacamine', 'Conopharyngine', 'Conopharyngine hydroxyindolenine', 'Ibogaline', '3-Oxocoronaridine', 'Conoduramine', 'Pachysiphine', '11-Demethylconoduramine', '16-Epiaffinine', '16-Epiisositsirikine', 'Conopharyngine pseudoindoxyl', '19S-Hydroxyconopharyngine']""",:KNApSAcK
174,82269-1,Tabernaemontana pandacaqui,Tabernaemontana pandacaqui,82269-1,Species,,"""['Tabernaemontanine', 'Isovoacangine', 'Isovoacristine', 'Pandine', 'Tacamine', '20-Epilochneridine', '3-Epiervafolidine', 'Ervafolidine', 'Ervafoline']""",:KNApSAcK
175,82282-1,Tabernaemontana penduliflora,Tabernaemontana penduliflora,82282-1,Species,,"""['(-)-Coronaridine', 'Voacangine', 'Conopharyngine']""",:KNApSAcK
176,82297-1,Tabernaemontana psorocarpa,Tabernaemontana psorocarpa,82297-1,Species,,"""['Tetrahydroalstonine', 'Vallesiachotamine', 'Voacangine', '14,15-Dehydro-12-methoxyvincamine', '16-Epiisositsirikine', 'Isovallesiachotamine']""",:KNApSAcK
177,82313-1,Tabernaemontana retusa,Tabernaemontana retusa,82313-1,Species,,"""['Voacangine', 'Heyneanine', 'Voacristine', 'Coronaridine hydroxyindolenine', '3-Oxovoacangine', 'Voaphylline', 'Pachysiphine']""",:KNApSAcK
178,82322-1,Tabernaemontana rupicola,Tabernaemontana rupicola,82322-1,Species,,"""['Voacangine pseudoindoxyl', 'Montanine']""",:KNApSAcK
179,82327-1,Tabernaemontana sananho,Tabernaemontana sananho,82327-1,Species,,"""['Voacangine', 'Heyneanine', '3-Hydroxycoronaridine']""",:KNApSAcK
180,82330-1,Tabernaemontana sessilifolia,Tabernaemontana sessilifolia,82330-1,Species,,"""['(-)-Apparicine', 'Dregamine', 'Tabernaemontanine', 'Isovoacangine', '6-Hydroxy-3-oxoisovoacangine']""",:KNApSAcK
181,20001045-1,Tabernaemontana siphilitica,Tabernaemontana siphilitica,20001045-1,Species,,"""['Tetrahydroalstonine', 'Tubotaiwine', '(-)-Apparicine', '(-)-Vincadifformine', 'Voacangine', 'Pleiocarpamine', 'Isovoacangine', '(-)-12-Hydroxyvincadifformine', 'Bonafousine', 'Isobonafousine', 'Tetrastachynine']""",:KNApSAcK
182,82336-1,Tabernaemontana sphaerocarpa,Tabernaemontana sphaerocarpa,82336-1,Species,,"""['Dregamine', 'Tabernaemontanine']""",:KNApSAcK
183,82371-1,Tabernaemontana undulata,Tabernaemontana undulata,82371-1,Species,,"""['(+)-Quebrachidine', 'Voacangine', '19-Epiheyneanine', 'Voaphylline']""",:KNApSAcK
184,56090-1,Tabernanthe iboga,Tabernanthe iboga,56090-1,Species,,"""['(-)-Coronaridine', 'Ibogamine', 'Ibophyllidine', 'Ibogaine', 'Tabernanthine']""",:KNApSAcK
185,82553-1,Trachelospermum jasminoides,Trachelospermum jasminoides,82553-1,Species,,"""['Voacangine', 'Vobasine', 'Ibogaine']""",:KNApSAcK
186,82668-1,Vallesia glabra,Vallesia glabra,82668-1,Species,,"""['(-)-Aspidospermine', '(-)-Vincadifformine', 'Haplocidine', 'Vallesine', '1-Acetylaspidoalbidine', '18-Oxohaplocidine']""",:KNApSAcK
187,82683-1,Vinca difformis,Vinca difformis,82683-1,Species,,"""['(-)-Vincamajine', 'Normacusine B', '(-)-Vincamedine', '(+)-Vincadifformine']""",:KNApSAcK
188,82686-1,Vinca erecta,Vinca erecta,82686-1,Species,,"""['Normacusine B', 'Norfluorocurarine', 'Skimmianine', '(-)-Akuammicine:Akuammicine', 'Picrinine', '(-)-Kopsinine', '(-)-Eburnamine', 'Isoreserpiline', '(-)-Quebrachamine', 'Vincamine', '(+)-Minovincinine', 'Rauniticine', 'Vincanidine', 'Akuammine', 'Apovincamine', '(+)-Vincarine', '(-)-Majoridine', '(+)-10-Methoxyvinorine', 'Dihydrovindolinine']""",:KNApSAcK
189,82691-1,Vinca herbacea,Vinca herbacea,82691-1,Species,,"""['(-)-Vincamajine', 'Skimmianine', '(-)-Akuammicine:Akuammicine', '(-)-Kopsinine', 'Tabersonine', 'Serpentine', 'Vincamine', 'Akuammine', '(+)-Vincarine', '11-Methoxyvincadifformine', 'Isomajdine']""",:KNApSAcK
190,82697-1,Vinca major,Vinca major,82697-1,Species,,"""['(-)-Vincamajine', '(-)-Vincamedine', 'Serpentine', 'Vincamine', 'Vincamajoreine', 'Akuammine', '(+)-Vincarine', '(-)-Majoridine', '(+)-10-Methoxyvinorine', 'Isomajdine', '10-Methoxyvomilenine', '(-)-Vincamajinine', '(-)-10-Methoxyperakine', '(-)-Vincawajine', 'Majdine']""",:KNApSAcK
191,82701-1,Vinca minor,Vinca minor,82701-1,Species,,"""['Vincorine', 'Strictamine', 'Vincoridine', '(-)-Vinorine', 'Vincadine', '(+)-Eburnamenine', 'Vincamine', 'Vincristine', '(+)-Minovincinine', '(+)-Isoeburnamine', '11-Methoxyvincadifformine', 'Eburnamonine', '(-)-11-Methoxyeburnamonine', '(-)-16-Epivincamine', '(+)-Vincaminine', '(+)-Vincinine', 'Minovincine']""",:KNApSAcK
192,82719-1,Voacanga africana,Voacanga africana,82719-1,Species,,"""['Lochnericine', 'Tabersonine', '(+)-Perakine', '(+)-Minovincinine', 'Voacangine', 'Vobasine', 'Voacangine hydroxyindolenine', 'Voacangine pseudoindoxyl', 'Voacristine', 'Voacristine hydroxyindolenine', 'Voacamine', 'Voacorine', 'Voaphylline', 'Vobtusine', 'Voacamidine']""",:KNApSAcK
193,82727-1,Voacanga chalotiana,Voacanga chalotiana,82727-1,Species,,"""['Voachalotine', 'Voacarpine', '(-)-Cuanzine', '(-)-Decarbomethoxycuanzine', '(+)-Dehydrovoachalotine']""",:KNApSAcK
194,82738-1,Voacanga globosa,Voacanga globosa,82738-1,Species,,"""['Voacamine']""",:KNApSAcK
195,82760-1,Voacanga thouarsii,Voacanga thouarsii,82760-1,Species,,"""['Voacamine', 'Ibogaine']""",:KNApSAcK
196,742903-1,Adina cordifolia,Adina cordifolia,742903-1,Species,,"""['Adifoline', 'Cadambine', 'Cordifoline']""",:KNApSAcK
197,1214821-2,Carapichea affinis,Carapichea affinis,1214821-2,Species,,"""['Dopamine', 'Cephaeline', 'Emetine', 'Protoemetine', ""7'-O-Demethylcephaeline""]""",:KNApSAcK
198,308173-2,Chimarrhis turbinata,Chimarrhis turbinata,308173-2,Species,,"""['Strictosidine', 'Vallesiachotamine', 'Desoxycordifoline', '5alpha-Carboxystrictosidine', 'Isovallesiachotamine', 'Cordifoline', 'Turbinatine']""",:KNApSAcK
199,58723-2,Cinchona officinalis,Cinchona officinalis,58723-2,Species,,"""['Strictosidine', 'Cinchonidine', 'Hydroquinidine', 'Quinine', 'Quinidine', 'Cinchonine']""",:KNApSAcK
200,746872-1,Cinchona pubescens,Cinchona pubescens,746872-1,Species,,"""['Quinine', 'Quinidine', '10-Methoxycinchonamine']""",:KNApSAcK
201,747038-1,Coffea arabica,Coffea arabica,747038-1,Species,,"""['Adenine', 'Caffeine', 'Theophylline', 'Xanthosine', '7-Methylxanthine', ""Xanthosine 5'-monophosphate"", 'Adenosine', '7-Methylxanthosine', 'Paraxanthine', '3-Methylxanthine', '2,3-Dimethylpyrazine', '2,5-Dimethylpyrazine', '2,6-Dimethylpyrazine', '2-Acetylpyridine', '2-Ethyl-6-methylpyrazine', '2-Methoxy-3-isobutylpyrazine', '2-Methoxypyridine', '2-Methylpyrazine', 'Pyridine']""",:KNApSAcK
202,747068-1,Coffea canephora,Coffea canephora,747068-1,Species,,"""['Adenine', 'Caffeine', 'Theophylline', 'Xanthosine', '7-Methylxanthine', ""Xanthosine 5'-monophosphate"", 'Adenosine', '7-Methylxanthosine', 'Paraxanthine', '3-Methylxanthine', '2,3-Dimethylpyrazine', '2,5-Dimethylpyrazine', '2,6-Dimethylpyrazine', '2-Ethyl-6-methylpyrazine', '2-Methylpyrazine', 'Pyridine', 'Theobromine']""",:KNApSAcK
203,747109-1,Coffea eugenioides,Coffea eugenioides,747109-1,Species,,"""['Caffeine']""",:KNApSAcK
204,747150-1,Coffea kianjavatensis,Coffea kianjavatensis,747150-1,Species,,"""['Adenine', 'Caffeine', 'Theophylline', 'Xanthosine', '7-Methylxanthine', ""Xanthosine 5'-monophosphate"", '7-Methylxanthosine', 'Paraxanthine', '3-Methylxanthine', 'Theobromine']""",:KNApSAcK
205,747169-1,Coffea liberica,Coffea liberica,747169-1,Species,,"""['Adenine', 'Caffeine', 'Theophylline', 'Xanthosine', '7-Methylxanthine', ""Xanthosine 5'-monophosphate"", '7-Methylxanthosine', 'Paraxanthine', '3-Methylxanthine', 'Theobromine', 'Theacrine', 'Methylliberine', 'Liberine']""",:KNApSAcK
206,747242-1,Coffea racemosa,Coffea racemosa,747242-1,Species,,"""['Adenine', 'Caffeine', 'Theophylline', 'Xanthosine', '7-Methylxanthine', ""Xanthosine 5'-monophosphate"", '7-Methylxanthosine', 'Paraxanthine', '3-Methylxanthine', 'Theobromine']""",:KNApSAcK
207,747254-1,Coffea salvatrix,Coffea salvatrix,747254-1,Species,,"""['Adenine', 'Caffeine', 'Theophylline', 'Xanthosine', '7-Methylxanthine', ""Xanthosine 5'-monophosphate"", '7-Methylxanthosine', 'Paraxanthine', '3-Methylxanthine', 'Theobromine']""",:KNApSAcK
208,747599-1,Corynanthe johimbe,Corynanthe johimbe,747599-1,Species,,"""['Yohimbine']""",:KNApSAcK
209,751948-1,Guettarda heterosepala,Guettarda heterosepala,751948-1,Species,,"""['Guettardine']""",:KNApSAcK
210,752194-1,Hamelia patens,Hamelia patens,752194-1,Species,,"""['L-Ephedrine']""",:KNApSAcK
211,753632-1,Isertia haenkeana,Isertia haenkeana,753632-1,Species,,"""['Apodihydrocinchonamine']""",:KNApSAcK
212,753635-1,Isertia hypoleuca,Isertia hypoleuca,753635-1,Species,,"""['Dihydroquinamine']""",:KNApSAcK
213,755237-1,Leptactina densiflora,Leptactina densiflora,755237-1,Species,,"""['Tetrahydroharmine']""",:KNApSAcK
214,756294-1,Mitragyna hirsuta,Mitragyna hirsuta,756294-1,Species,,"""['Mitraphylline', 'Rhynchophylline', 'Angustoline', 'Hirsuteine', 'Hirsutine', 'Isomitraphylline', 'Isorhynchophylline', 'Mitrajavine', 'Uncarine C', 'Speciophylline', 'Isopteropodine', 'Uncarine F', 'Isomitraphylline N-oxide']""",:KNApSAcK
215,756296-1,Mitragyna inermis,Mitragyna inermis,756296-1,Species,,"""['Rhynchophylline']""",:KNApSAcK
216,756300-1,Mitragyna parvifolia,Mitragyna parvifolia,756300-1,Species,,"""['Mitraphylline', 'Isomitraphylline', '16,17-Dihydro-17beta-hydroxymitraphylline']""",:KNApSAcK
217,756301-1,Mitragyna rotundifolia,Mitragyna rotundifolia,756301-1,Species,,"""['Rhynchophylline', 'Mitrafoline']""",:KNApSAcK
218,756303-1,Mitragyna speciosa,Mitragyna speciosa,756303-1,Species,,"""['Isomitraphylline', 'Isorhynchophylline', 'Mitrajavine', 'Speciophylline', 'Mitrafoline', 'Mitragynine', '3-Isoajmalicine', 'Ciliaphylline', 'Corynantheidine', 'Corynoxeine', 'Corynoxine', 'Corynoxine B', 'Isocorynantheidine', 'Isomitrafoline', 'Isopaynantheine', 'Javaphylline', 'Mitragynine oxindole A', 'Mitragynine oxindole B', 'Paynantheine', 'Rhynchociline', 'Speciociliatine', 'Speciofoline', 'Speciogynine', 'Specionoxeine', 'Corynantheidaline', 'Isocorynoxeine', 'Mitragynaline', 'Mitralactonine', 'Mitrasulgynine', '7alpha-Hydroxy-7H-mitragynine', '9-Methoxymitralactonine']""",:KNApSAcK
219,756359-1,Morinda citrifolia,Morinda citrifolia,756359-1,Species,,"""['Cytidine']""",:KNApSAcK
220,757089-1,Nauclea diderrichii,Nauclea diderrichii,757089-1,Species,,"""['Desoxycordifoline', 'Methyl beta-Carboline-1-carboxylate']""",:KNApSAcK
221,757144-1,Nauclea latifolia,Nauclea latifolia,757144-1,Species,,"""['18,19-Dihydroangustine', 'Decarbomethoxy naucl echine']""",:KNApSAcK
222,77078143-1,Nauclea officinalis,Nauclea officinalis,77078143-1,Species,,"""['Vincoline', 'Angustoline', 'Naucleofficine A', 'Naucleofficine B', 'Naucleofficine C', 'Naucleofficine D', 'Naucleofficine E']""",:KNApSAcK
223,757181-1,Nauclea orientalis,Nauclea orientalis,757181-1,Species,,"""['Nauclealine A', 'Nauclealine B']""",:KNApSAcK
224,758379-1,Ophiorrhiza blumeana,Ophiorrhiza blumeana,758379-1,Species,,"""['Blumeanine', 'Ophiorrhizine-12-carboxylate']""",:KNApSAcK
225,758479-1,Ophiorrhiza japonica,Ophiorrhiza japonica,758479-1,Species,,"""['Ophiorine A', 'Ophiorine A methyl ester', 'Ophiorine B', 'Ophiorine B methyl ester']""",:KNApSAcK
226,758576-1,Ophiorrhiza pumila,Ophiorrhiza pumila,758576-1,Species,,"""['Strictosidine', 'Tryptamine']""",:KNApSAcK
227,758602-1,Ophiorrhiza rugosa,Ophiorrhiza rugosa,758602-1,Species,,"""['Strictosidine']""",:KNApSAcK
228,922428-1,Ophiorrhiza rugosa var. prostrata,Ophiorrhiza rugosa,758602-1,Variety,,"""['Strictosidine']""",:KNApSAcK
229,77115588-1,Palicourea acuminata,Palicourea acuminata,77115588-1,Species,,"""['Strictosidine']""",:KNApSAcK
230,758987-1,Palicourea alpina,Palicourea alpina,758987-1,Species,,"""['(+)-Calycanthine']""",:KNApSAcK
231,180957-2,Palicourea coriacea,Palicourea coriacea,180957-2,Species,,"""['(+)-Calycanthine']""",:KNApSAcK
232,759061-1,Palicourea crocea,Palicourea crocea,759061-1,Species,,"""['Croceaine A', 'Croceaine B']""",:KNApSAcK
233,77161808-1,Palicourea cyanococca,Palicourea cyanococca,77161808-1,Species,,"""['Strictosidine']""",:KNApSAcK
234,77160497-1,Palicourea tsakiana,Palicourea tsakiana,77160497-1,Species,,"""['Strictosidine']""",:KNApSAcK
235,77150875-1,Palicourea winkleri,Palicourea winkleri,77150875-1,Species,,"""['Strictosidine']""",:KNApSAcK
236,204802-2,Pogonopus speciosus,Pogonopus speciosus,204802-2,Species,,"""['Tubulosine', 'Psychotrine', ""1',2',3',4'-Tetradehydrotubulosine""]""",:KNApSAcK
237,204805-2,Pogonopus tubulosus,Pogonopus tubulosus,204805-2,Species,,"""['Tubulosine']""",:KNApSAcK
238,761435-1,Psychotria bahiensis,Psychotria bahiensis,761435-1,Species,,"""['5alpha-Carboxystrictosidine', 'Isovallesiachotamine', 'Angustine']""",:KNApSAcK
239,761527-1,Psychotria brachyceras,Psychotria brachyceras,761527-1,Species,,"""['Brachycerine']""",:KNApSAcK
240,762593-1,Psychotria malayana,Psychotria malayana,762593-1,Species,,"""['Hodgkinsine']""",:KNApSAcK
241,763751-1,Psychotria viridis,Psychotria viridis,763751-1,Species,,"""['Tetrahydroharmine', 'Harmaline', 'Harmine']""",:KNApSAcK
242,236592-2,Simira rubra,Simira rubra,236592-2,Species,,"""['Harmine']""",:KNApSAcK
243,767775-1,Timonius kaniensis,Timonius kaniensis,767775-1,Species,,"""['Dihydrocupreine']""",:KNApSAcK
244,768203-1,Uncaria acida,Uncaria acida,768203-1,Species,,"""['Rhynchophylline', 'Isorhynchophylline']""",:KNApSAcK
245,768207-1,Uncaria africana,Uncaria africana,768207-1,Species,,"""['Ajmalicine', 'Mitraphylline', 'Rhynchophylline', 'Isomitraphylline', 'Isorhynchophylline']""",:KNApSAcK
246,768211-1,Uncaria attenuata,Uncaria attenuata,768211-1,Species,,"""['Tetrahydroalstonine', 'Mitraphylline', 'Rauniticine', 'Rhynchophylline', 'Isorhynchophylline', 'Speciophylline', '3-Isoajmalicine', 'Isocorynoxeine', '14alpha-Hydroxy-3-isorauniticine', 'Uncarine B']""",:KNApSAcK
247,768216-1,Uncaria borneensis,Uncaria borneensis,768216-1,Species,,"""['Rhynchophylline', 'Isorhynchophylline', 'Isocorynoxeine']""",:KNApSAcK
248,768220-1,Uncaria callophylla,Uncaria callophylla,768220-1,Species,,"""['Mitraphylline', 'Rhynchophylline', 'Isomitraphylline', 'Isorhynchophylline', 'Isogambirine']""",:KNApSAcK
249,768226-1,Uncaria cordata,Uncaria cordata,768226-1,Species,,"""['Rhynchophylline', 'Isorhynchophylline']""",:KNApSAcK
250,768231-1,Uncaria elliptica,Uncaria elliptica,768231-1,Species,,"""['Tetrahydroalstonine', '19-Epiajmalicine', 'Ajmalicine', 'Mitraphylline', 'Rauniticine', 'Rhynchophylline', 'Isomitraphylline', 'Isorhynchophylline', '3-Isoajmalicine', 'Uncarine B', '14beta-Hydroxy-3-isorauniticine', '19-Epi-3-isoajmalicine', '3-Isorauniticine', '3-Isorauniticine pseudoindoxyl', 'Akuammigine pseudoindoxyl', 'Rauniticine oxindole A', 'Rauniticine pseudoindoxyl', 'Tetrahydroalstonine N-oxide', 'Uncarine A']""",:KNApSAcK
251,60458896-2,Uncaria gambir,Uncaria gambir,60458896-2,Species,,"""['Mitraphylline', 'Uncarine B', 'Roxburghine B']""",:KNApSAcK
252,768250-1,Uncaria guianensis,Uncaria guianensis,768250-1,Species,,"""['Mitraphylline', 'Rhynchophylline', 'Isomitraphylline', 'Isorhynchophylline', 'Speciophylline', 'Isopteropodine']""",:KNApSAcK
253,768253-1,Uncaria hirsuta,Uncaria hirsuta,768253-1,Species,,"""['Mitraphylline', 'Rhynchophylline', 'Isomitraphylline', 'Uncarine B']""",:KNApSAcK
254,768254-1,Uncaria homomalla,Uncaria homomalla,768254-1,Species,,"""['Mitraphylline', 'Isomitraphylline', 'Uncarine C', 'Speciophylline', 'Isopteropodine', 'Uncarine F']""",:KNApSAcK
255,768268-1,Uncaria laevigata,Uncaria laevigata,768268-1,Species,,"""['Mitraphylline', 'Isomitraphylline', 'Speciophylline', 'Isopteropodine', 'Uncarine B']""",:KNApSAcK
256,768269-1,Uncaria lancifolia,Uncaria lancifolia,768269-1,Species,,"""['Mitraphylline', 'Rhynchophylline', 'Isomitraphylline']""",:KNApSAcK
257,768270-1,Uncaria lanosa,Uncaria lanosa,768270-1,Species,,"""['Mitraphylline', 'Rauniticine', 'Isomitraphylline', 'Speciophylline', 'Isopteropodine', 'Uncarine F', 'Isocorynoxeine']""",:KNApSAcK
258,768273-1,Uncaria longiflora,Uncaria longiflora,768273-1,Species,,"""['Mitraphylline', 'Rhynchophylline', 'Isomitraphylline', 'Isorhynchophylline', 'Speciophylline', 'Isopteropodine', 'Uncarine F', 'Isocorynoxeine']""",:KNApSAcK
259,768275-1,Uncaria macrophylla,Uncaria macrophylla,768275-1,Species,,"""['Rhynchophylline', 'Isorhynchophylline', 'Corynoxine', 'Corynoxine B', 'Dihydrocorynantheine', 'Isorhyncophylline']""",:KNApSAcK
260,768281-1,Uncaria orientalis,Uncaria orientalis,768281-1,Species,,"""['Ajmalicine', 'Mitraphylline', 'Isomitraphylline', 'Speciophylline', 'Isopteropodine', 'Uncarine F', 'Uncarine B']""",:KNApSAcK
261,768297-1,Uncaria rhynchophylla,Uncaria rhynchophylla,768297-1,Species,,"""['Vallesiachotamine', 'Tryptamine', 'Cadambine', 'Rhynchophylline', 'Angustoline', 'Hirsuteine', 'Hirsutine', 'Isorhynchophylline', 'Corynoxeine', 'Isocorynoxeine', '5-Hydroxytryptamine', '3alpha-Dihydrocadambine', 'Angustidine', '5-Methoxytryptamine']""",:KNApSAcK
262,768303-1,Uncaria scandens,Uncaria scandens,768303-1,Species,,"""['Mitraphylline', 'Isomitraphylline', 'Speciophylline', 'Isopteropodine', 'Uncarine F']""",:KNApSAcK
263,768311-1,Uncaria sessilifructus,Uncaria sessilifructus,768311-1,Species,,"""['Mitraphylline', 'Rhynchophylline', 'Isomitraphylline', 'Isorhynchophylline', 'Uncarine F', 'Uncarine B']""",:KNApSAcK
264,768314-1,Uncaria sinensis,Uncaria sinensis,768314-1,Species,,"""['Rhynchophylline', 'Isorhynchophylline', 'Speciophylline', 'Isopteropodine', 'Uncarine F', 'Isocorynoxeine', 'Isorhyncophylline', '3alpha-Dihydrocadambine', '3beta-Isodihydrocadambine', 'Isoformosanine']""",:KNApSAcK
265,768322-1,Uncaria tomentosa,Uncaria tomentosa,768322-1,Species,,"""['Mitraphylline', 'Rhynchophylline', 'Isomitraphylline', 'Isorhynchophylline', 'Uncarine C', 'Speciophylline', 'Isopteropodine', 'Isomitraphylline N-oxide', '5(S)-5-Carboxystrictosidine']""",:KNApSAcK
